-- MariaDB dump 10.17  Distrib 10.4.11-MariaDB, for debian-linux-gnu (x86_64)
--
-- Host: localhost    Database: JunkFood
-- ------------------------------------------------------
-- Server version	10.4.11-MariaDB-1:10.4.11+maria~bionic-log

/*!40101 SET @OLD_CHARACTER_SET_CLIENT=@@CHARACTER_SET_CLIENT */;
/*!40101 SET @OLD_CHARACTER_SET_RESULTS=@@CHARACTER_SET_RESULTS */;
/*!40101 SET @OLD_COLLATION_CONNECTION=@@COLLATION_CONNECTION */;
/*!40101 SET NAMES utf8mb4 */;
/*!40103 SET @OLD_TIME_ZONE=@@TIME_ZONE */;
/*!40103 SET TIME_ZONE='+00:00' */;
/*!40014 SET @OLD_UNIQUE_CHECKS=@@UNIQUE_CHECKS, UNIQUE_CHECKS=0 */;
/*!40014 SET @OLD_FOREIGN_KEY_CHECKS=@@FOREIGN_KEY_CHECKS, FOREIGN_KEY_CHECKS=0 */;
/*!40101 SET @OLD_SQL_MODE=@@SQL_MODE, SQL_MODE='NO_AUTO_VALUE_ON_ZERO' */;
/*!40111 SET @OLD_SQL_NOTES=@@SQL_NOTES, SQL_NOTES=0 */;

--
-- Current Database: `JunkFood`
--

CREATE DATABASE /*!32312 IF NOT EXISTS*/ `JunkFood` /*!40100 DEFAULT CHARACTER SET latin1 */;

USE `JunkFood`;

--
-- Table structure for table `Cartes`
--

DROP TABLE IF EXISTS `Cartes`;
/*!40101 SET @saved_cs_client     = @@character_set_client */;
/*!40101 SET character_set_client = utf8 */;
CREATE TABLE `Cartes` (
  `pays_id` int(11) NOT NULL,
  `item_id` int(11) DEFAULT NULL,
  UNIQUE KEY `pays_id` (`pays_id`,`item_id`),
  KEY `Cartes_fk1` (`item_id`),
  CONSTRAINT `Cartes_fk0` FOREIGN KEY (`pays_id`) REFERENCES `Pays` (`id`) ON DELETE CASCADE,
  CONSTRAINT `Cartes_fk1` FOREIGN KEY (`item_id`) REFERENCES `Items` (`id`) ON DELETE CASCADE
) ENGINE=InnoDB DEFAULT CHARSET=latin1;
/*!40101 SET character_set_client = @saved_cs_client */;

--
-- Dumping data for table `Cartes`
--

LOCK TABLES `Cartes` WRITE;
/*!40000 ALTER TABLE `Cartes` DISABLE KEYS */;
INSERT INTO `Cartes` VALUES (1,1),(1,2),(1,3),(1,4),(1,5),(1,6),(1,7),(1,8),(1,9),(1,10),(1,11),(1,12),(1,13),(1,14),(1,15),(1,16),(1,17),(2,2),(2,3),(2,5),(2,7),(2,8),(2,9),(2,10),(2,11),(2,12),(2,13),(2,14),(2,16),(2,17),(3,1),(3,2),(3,4),(3,6),(3,7),(3,8),(3,9),(3,10),(3,11),(3,12),(3,13),(3,14),(3,15);
/*!40000 ALTER TABLE `Cartes` ENABLE KEYS */;
UNLOCK TABLES;

--
-- Table structure for table `Ingredients`
--

DROP TABLE IF EXISTS `Ingredients`;
/*!40101 SET @saved_cs_client     = @@character_set_client */;
/*!40101 SET character_set_client = utf8 */;
CREATE TABLE `Ingredients` (
  `id` int(11) NOT NULL AUTO_INCREMENT,
  `nom` varchar(255) NOT NULL,
  `prix` double NOT NULL,
  PRIMARY KEY (`id`)
) ENGINE=InnoDB AUTO_INCREMENT=17 DEFAULT CHARSET=latin1;
/*!40101 SET character_set_client = @saved_cs_client */;

--
-- Dumping data for table `Ingredients`
--

LOCK TABLES `Ingredients` WRITE;
/*!40000 ALTER TABLE `Ingredients` DISABLE KEYS */;
INSERT INTO `Ingredients` VALUES (1,'pain',0.5),(2,'steak',1.1),(3,'salade',0.8),(4,'tomate',0.3),(5,'cornichons',0.2),(6,'fromage',0.4),(7,'poulet',1),(8,'panure',0.3),(9,'sauce',0.1),(10,'patates',0.1),(11,'huile',3),(12,'vinaigrette',1.5),(13,'croutons',0.1),(14,'glace',0.9),(15,'caramel',0.5),(16,'coulis',0.6);
/*!40000 ALTER TABLE `Ingredients` ENABLE KEYS */;
UNLOCK TABLES;

--
-- Table structure for table `Items`
--

DROP TABLE IF EXISTS `Items`;
/*!40101 SET @saved_cs_client     = @@character_set_client */;
/*!40101 SET character_set_client = utf8 */;
CREATE TABLE `Items` (
  `id` int(11) NOT NULL AUTO_INCREMENT,
  `nom` varchar(255) NOT NULL,
  `type_item` enum('plat','boisson','dessert','menu') NOT NULL,
  `taille_boisson` enum('S','M','L') DEFAULT NULL,
  `prix` double NOT NULL,
  PRIMARY KEY (`id`)
) ENGINE=InnoDB AUTO_INCREMENT=18 DEFAULT CHARSET=latin1;
/*!40101 SET character_set_client = @saved_cs_client */;

--
-- Dumping data for table `Items`
--

LOCK TABLES `Items` WRITE;
/*!40000 ALTER TABLE `Items` DISABLE KEYS */;
INSERT INTO `Items` VALUES (1,'Cheeseburger','plat',NULL,5),(2,'Double cheese','plat',NULL,6.5),(3,'Nuggets','plat',NULL,5.5),(4,'Frites','plat',NULL,3),(5,'Salade Ceasar','plat',NULL,7),(6,'Sunday Caramel','dessert',NULL,4),(7,'Sunday Fraise','dessert',NULL,4),(8,'Coca','boisson','S',1.5),(9,'Coca','boisson','M',2.5),(10,'Coca','boisson','L',3),(11,'Icetea','boisson','S',1.5),(12,'Icetea','boisson','M',2.5),(13,'Icetea','boisson','L',3),(14,'Menu Double','menu',NULL,8.5),(15,'Menu Nuggets','menu',NULL,7.5),(16,'Menu Frites','menu',NULL,5),(17,'Menu Salade','menu',NULL,9);
/*!40000 ALTER TABLE `Items` ENABLE KEYS */;
UNLOCK TABLES;

--
-- Table structure for table `Menus`
--

DROP TABLE IF EXISTS `Menus`;
/*!40101 SET @saved_cs_client     = @@character_set_client */;
/*!40101 SET character_set_client = utf8 */;
CREATE TABLE `Menus` (
  `id` int(11) NOT NULL,
  `plat` int(11) NOT NULL,
  `dessert` int(11) NOT NULL,
  `boisson` int(11) NOT NULL,
  PRIMARY KEY (`id`),
  KEY `Menus_fk0` (`plat`),
  KEY `Menus_fk1` (`dessert`),
  KEY `Menus_fk2` (`boisson`),
  CONSTRAINT `Menus_fk0` FOREIGN KEY (`plat`) REFERENCES `Items` (`id`) ON DELETE CASCADE,
  CONSTRAINT `Menus_fk1` FOREIGN KEY (`dessert`) REFERENCES `Items` (`id`) ON DELETE CASCADE,
  CONSTRAINT `Menus_fk2` FOREIGN KEY (`boisson`) REFERENCES `Items` (`id`) ON DELETE CASCADE
) ENGINE=InnoDB DEFAULT CHARSET=latin1;
/*!40101 SET character_set_client = @saved_cs_client */;

--
-- Dumping data for table `Menus`
--

LOCK TABLES `Menus` WRITE;
/*!40000 ALTER TABLE `Menus` DISABLE KEYS */;
INSERT INTO `Menus` VALUES (14,2,10,6),(15,3,13,6),(16,4,8,7),(17,5,12,7);
/*!40000 ALTER TABLE `Menus` ENABLE KEYS */;
UNLOCK TABLES;

--
-- Table structure for table `Orders`
--

DROP TABLE IF EXISTS `Orders`;
/*!40101 SET @saved_cs_client     = @@character_set_client */;
/*!40101 SET character_set_client = utf8 */;
CREATE TABLE `Orders` (
  `id` int(11) NOT NULL AUTO_INCREMENT,
  `vendeur_id` int(11) NOT NULL,
  `resto_id` int(11) NOT NULL,
  `date_heure` datetime DEFAULT NULL,
  `paiement` char(6) NOT NULL,
  `somme` double NOT NULL,
  PRIMARY KEY (`id`),
  KEY `Orders_fk1` (`resto_id`),
  CONSTRAINT `Orders_fk1` FOREIGN KEY (`resto_id`) REFERENCES `Restaurants` (`id`) ON DELETE CASCADE
) ENGINE=InnoDB AUTO_INCREMENT=1001 DEFAULT CHARSET=latin1;
/*!40101 SET character_set_client = @saved_cs_client */;

--
-- Dumping data for table `Orders`
--

LOCK TABLES `Orders` WRITE;
/*!40000 ALTER TABLE `Orders` DISABLE KEYS */;
INSERT INTO `Orders` VALUES (1,0,12,'2019-03-05 22:37:00','CB',34),(2,53,9,'2019-04-03 01:09:00','CB',43.5),(3,0,9,'2019-03-12 06:35:00','CB',15),(4,3,10,'2019-04-02 01:33:00','Espece',12.5),(5,86,11,'2019-11-02 08:04:00','CB',33.5),(6,38,4,'2019-09-10 03:09:00','CB',27.5),(7,3,7,'2019-03-11 23:13:00','Espece',63.5),(8,0,11,'2019-11-03 05:22:00','CB',3),(9,72,11,'2019-07-02 18:19:00','Espece',42.5),(10,0,11,'2019-05-05 14:16:00','CB',8),(11,97,2,'2019-08-11 04:01:00','CB',15.5),(12,0,6,'2019-04-09 00:50:00','CB',63.5),(13,86,10,'2019-04-10 18:27:00','Espece',22),(14,62,1,'2019-08-02 13:25:00','CB',43.5),(15,0,6,'2019-12-03 12:39:00','CB',51.5),(16,137,8,'2019-10-02 17:41:00','CB',32),(17,0,4,'2019-11-09 13:55:00','CB',60),(18,107,1,'2019-07-02 03:15:00','CB',12),(19,38,6,'2019-04-02 23:48:00','Espece',56),(20,132,1,'2019-05-09 21:56:00','CB',43),(21,124,9,'2019-04-01 16:54:00','Espece',18),(22,0,9,'2019-12-09 10:37:00','CB',30),(23,19,5,'2019-06-07 16:12:00','Espece',11),(24,125,1,'2019-01-02 14:11:00','CB',5),(25,68,9,'2019-12-01 08:17:00','Espece',32),(26,19,2,'2019-05-01 00:39:00','CB',54),(27,8,9,'2019-06-07 13:23:00','Espece',29),(28,72,1,'2019-04-10 05:22:00','Espece',11),(29,0,10,'2019-08-02 15:27:00','CB',61),(30,24,11,'2019-12-07 14:33:00','Espece',39.5),(31,49,5,'2019-12-01 19:09:00','CB',5),(32,0,2,'2019-01-11 08:22:00','CB',67),(33,3,4,'2019-08-06 04:29:00','CB',42.5),(34,38,8,'2019-03-07 19:42:00','CB',5.5),(35,111,1,'2019-06-02 08:01:00','CB',56),(36,19,8,'2019-03-09 07:29:00','Espece',59),(37,94,2,'2019-08-01 05:54:00','CB',54),(38,0,2,'2019-10-04 04:01:00','CB',30),(39,68,9,'2019-09-04 13:54:00','CB',41),(40,0,12,'2019-06-07 20:29:00','CB',63),(41,34,6,'2019-02-03 12:50:00','Espece',46.5),(42,51,8,'2019-05-05 06:14:00','Espece',7.5),(43,0,12,'2019-12-12 15:26:00','CB',38.5),(44,66,10,'2019-09-09 16:23:00','CB',40),(45,0,6,'2019-11-05 20:21:00','CB',49.5),(46,60,9,'2019-12-08 08:34:00','Espece',3),(47,0,10,'2019-04-08 23:47:00','CB',20.5),(48,34,5,'2019-12-06 08:14:00','Espece',19.5),(49,144,7,'2019-03-11 23:38:00','Espece',18),(50,24,5,'2019-03-09 22:09:00','CB',53),(51,95,7,'2019-03-05 11:29:00','Espece',8.5),(52,24,2,'2019-08-01 00:50:00','Espece',29.5),(53,38,5,'2019-01-01 22:27:00','CB',41),(54,0,4,'2019-12-10 16:26:00','CB',47.5),(55,0,11,'2019-10-12 22:23:00','CB',30.5),(56,8,5,'2019-05-05 19:04:00','Espece',22.5),(57,34,2,'2019-01-04 15:10:00','CB',49),(58,33,5,'2019-11-11 10:56:00','CB',29),(59,75,2,'2019-04-09 23:09:00','Espece',36.5),(60,0,12,'2019-07-11 05:08:00','CB',21.5),(61,94,3,'2019-01-02 02:09:00','CB',37),(62,73,12,'2019-07-10 12:50:00','CB',40),(63,0,6,'2019-09-03 10:01:00','CB',39),(64,0,6,'2019-05-09 19:29:00','CB',61.5),(65,0,9,'2019-09-12 04:50:00','CB',48.5),(66,135,8,'2019-08-12 23:24:00','CB',59),(67,107,2,'2019-01-11 22:31:00','CB',21),(68,0,12,'2019-01-10 14:29:00','CB',7.5),(69,75,12,'2019-08-11 02:00:00','CB',39.5),(70,148,8,'2019-04-11 11:13:00','CB',53.5),(71,121,8,'2019-12-04 18:41:00','CB',64),(72,45,12,'2019-02-03 20:44:00','CB',64.5),(73,67,2,'2019-06-04 11:36:00','Espece',42.5),(74,0,9,'2019-12-03 06:09:00','CB',29),(75,33,12,'2019-06-04 05:20:00','CB',43.5),(76,72,7,'2019-08-06 18:44:00','Espece',50),(77,136,11,'2019-10-09 20:36:00','Espece',19),(78,0,12,'2019-06-08 20:57:00','CB',43.5),(79,53,9,'2019-05-01 06:29:00','Espece',22.5),(80,72,11,'2019-12-05 20:34:00','Espece',13),(81,121,8,'2019-12-11 15:56:00','Espece',47),(82,0,12,'2019-01-02 22:53:00','CB',19.5),(83,29,5,'2019-06-09 04:05:00','CB',30.5),(84,0,2,'2019-07-06 20:01:00','CB',44),(85,60,4,'2019-09-02 22:22:00','CB',40),(86,111,6,'2019-04-09 20:36:00','CB',25.5),(87,0,6,'2019-12-02 17:40:00','CB',47),(88,123,7,'2019-10-02 11:04:00','CB',28),(89,0,2,'2019-09-10 05:58:00','CB',33),(90,49,1,'2019-11-11 07:50:00','Espece',31.5),(91,112,4,'2019-09-01 14:33:00','CB',60.5),(92,132,4,'2019-02-03 11:10:00','CB',31),(93,2,9,'2019-06-10 10:56:00','CB',44),(94,97,12,'2019-08-03 18:59:00','Espece',11.5),(95,66,1,'2019-05-07 04:23:00','Espece',22.5),(96,2,6,'2019-04-04 15:11:00','CB',9),(97,139,10,'2019-02-04 18:46:00','Espece',27),(98,71,6,'2019-02-02 15:06:00','Espece',12),(99,121,1,'2019-03-11 08:39:00','CB',3),(100,95,1,'2019-07-10 20:27:00','Espece',6),(101,138,6,'2019-12-04 17:05:00','Espece',34.5),(102,0,6,'2019-10-12 13:12:00','CB',31),(103,66,11,'2019-01-04 18:53:00','Espece',9),(104,0,12,'2019-04-11 05:17:00','CB',46),(105,0,6,'2019-06-03 00:00:00','CB',31.5),(106,73,4,'2019-03-09 05:01:00','Espece',33.5),(107,113,10,'2019-12-09 04:19:00','Espece',36),(108,14,3,'2019-01-03 15:47:00','Espece',38.5),(109,0,11,'2019-11-03 22:47:00','CB',10.5),(110,121,9,'2019-02-03 04:39:00','CB',61),(111,92,5,'2019-03-12 03:29:00','Espece',9),(112,125,12,'2019-08-04 19:30:00','CB',29.5),(113,92,8,'2019-09-12 10:53:00','Espece',28.5),(114,101,11,'2019-09-01 16:25:00','CB',48),(115,101,5,'2019-04-01 22:11:00','CB',6),(116,94,3,'2019-10-07 22:56:00','CB',8),(117,0,2,'2019-07-04 17:11:00','CB',27.5),(118,62,7,'2019-06-11 20:14:00','CB',46),(119,82,4,'2019-10-02 22:13:00','Espece',32),(120,110,1,'2019-11-08 04:15:00','CB',15),(121,0,2,'2019-02-02 15:57:00','CB',52),(122,135,9,'2019-10-11 02:23:00','Espece',40.5),(123,0,6,'2019-01-07 20:49:00','CB',8.5),(124,41,8,'2019-11-08 08:45:00','Espece',23),(125,85,6,'2019-10-01 13:41:00','CB',56.5),(126,66,12,'2019-03-11 01:11:00','CB',8),(127,138,8,'2019-08-02 11:30:00','Espece',19),(128,148,4,'2019-12-05 15:24:00','Espece',51),(129,109,4,'2019-06-02 07:06:00','Espece',17),(130,0,12,'2019-08-10 22:47:00','CB',7.5),(131,142,10,'2019-02-11 19:07:00','CB',44.5),(132,60,6,'2019-10-03 02:05:00','CB',37.5),(133,38,3,'2019-04-09 07:03:00','Espece',61),(134,118,8,'2019-02-09 23:19:00','CB',31.5),(135,0,2,'2019-05-10 19:30:00','CB',14),(136,0,11,'2019-08-01 20:37:00','CB',42),(137,0,4,'2019-09-12 18:50:00','CB',12),(138,8,4,'2019-06-11 07:47:00','CB',22.5),(139,97,10,'2019-06-07 06:34:00','Espece',55.5),(140,109,4,'2019-09-10 23:46:00','Espece',15),(141,110,5,'2019-08-09 21:48:00','Espece',45.5),(142,0,9,'2019-07-12 14:28:00','CB',15),(143,49,6,'2019-11-06 18:29:00','CB',27),(144,14,9,'2019-12-02 23:18:00','CB',13.5),(145,38,8,'2019-07-03 20:36:00','CB',44.5),(146,54,9,'2019-05-01 02:40:00','CB',30.5),(147,0,11,'2019-05-07 03:22:00','CB',9.5),(148,53,8,'2019-02-12 23:45:00','CB',30),(149,0,9,'2019-10-11 20:14:00','CB',11.5),(150,0,10,'2019-07-04 18:20:00','CB',62.5),(151,121,1,'2019-05-12 04:26:00','CB',65),(152,0,12,'2019-07-10 14:24:00','CB',57),(153,28,7,'2019-01-01 18:15:00','Espece',3),(154,112,9,'2019-08-11 20:43:00','CB',43),(155,138,5,'2019-06-01 19:56:00','Espece',43.5),(156,33,5,'2019-05-05 14:53:00','Espece',92.5),(157,0,12,'2019-05-09 05:02:00','CB',18.5),(158,44,5,'2019-07-09 03:53:00','Espece',52.5),(159,0,12,'2019-07-09 18:07:00','CB',10.5),(160,14,6,'2019-06-12 06:11:00','Espece',13),(161,33,4,'2019-07-06 00:12:00','CB',30.5),(162,24,6,'2019-02-12 17:34:00','Espece',23),(163,109,6,'2019-09-04 17:17:00','Espece',63),(164,29,12,'2019-01-09 04:05:00','CB',36),(165,60,5,'2019-06-09 02:33:00','Espece',21),(166,54,4,'2019-12-01 18:18:00','Espece',48.5),(167,51,11,'2019-01-11 09:32:00','Espece',36.5),(168,29,12,'2019-06-11 05:29:00','CB',35),(169,107,10,'2019-02-03 18:47:00','CB',76.5),(170,0,12,'2019-06-08 02:04:00','CB',19),(171,28,12,'2019-11-01 00:51:00','CB',28.5),(172,68,1,'2019-06-05 16:57:00','Espece',23.5),(173,51,10,'2019-01-07 09:41:00','CB',14.5),(174,132,4,'2019-09-11 21:24:00','Espece',36),(175,28,1,'2019-09-10 22:02:00','CB',36),(176,41,5,'2019-01-09 18:34:00','Espece',3),(177,0,11,'2019-02-10 04:40:00','CB',22),(178,0,4,'2019-10-02 23:05:00','CB',26.5),(179,28,9,'2019-11-12 18:30:00','CB',36),(180,0,4,'2019-07-03 13:57:00','CB',47.5),(181,142,6,'2019-07-04 15:49:00','Espece',43),(182,99,12,'2019-03-06 11:54:00','Espece',30.5),(183,8,1,'2019-10-11 19:39:00','Espece',31.5),(184,14,1,'2019-01-06 15:17:00','CB',26),(185,19,11,'2019-11-04 16:12:00','Espece',49),(186,38,11,'2019-12-03 17:39:00','Espece',48.5),(187,107,5,'2019-11-11 03:23:00','CB',69.5),(188,60,11,'2019-05-11 10:22:00','CB',23),(189,0,9,'2019-06-07 16:19:00','CB',25.5),(190,71,5,'2019-02-10 20:46:00','Espece',35.5),(191,0,4,'2019-05-04 21:16:00','CB',31.5),(192,3,10,'2019-04-06 02:23:00','CB',6.5),(193,85,4,'2019-04-07 17:33:00','Espece',24.5),(194,145,11,'2019-05-03 01:58:00','Espece',18.5),(195,0,10,'2019-07-02 10:02:00','CB',61),(196,29,10,'2019-11-02 19:52:00','CB',7.5),(197,45,2,'2019-01-02 21:07:00','CB',40),(198,135,1,'2019-06-07 18:33:00','Espece',66),(199,145,7,'2019-06-08 20:02:00','CB',45),(200,109,6,'2019-09-08 08:16:00','Espece',37),(201,0,9,'2019-01-01 04:28:00','CB',63),(202,139,11,'2019-01-09 22:50:00','Espece',37.5),(203,24,5,'2019-09-06 07:50:00','Espece',38.5),(204,0,4,'2019-04-09 04:50:00','CB',74),(205,110,12,'2019-07-05 13:00:00','Espece',3),(206,68,2,'2019-06-06 13:10:00','Espece',17.5),(207,75,2,'2019-09-03 21:06:00','CB',11.5),(208,0,2,'2019-06-06 09:32:00','CB',16.5),(209,97,2,'2019-01-05 09:18:00','CB',18.5),(210,2,12,'2019-09-06 04:31:00','CB',38.5),(211,24,1,'2019-04-04 14:41:00','CB',33),(212,0,11,'2019-08-10 17:22:00','CB',27.5),(213,72,11,'2019-10-02 02:46:00','Espece',15),(214,0,12,'2019-06-09 14:32:00','CB',55.5),(215,137,1,'2019-01-05 20:10:00','CB',47.5),(216,75,6,'2019-07-07 19:21:00','CB',41.5),(217,0,2,'2019-05-10 11:16:00','CB',46),(218,144,6,'2019-12-01 19:12:00','Espece',47),(219,123,4,'2019-12-09 23:37:00','Espece',11),(220,111,7,'2019-10-12 08:37:00','Espece',18),(221,66,8,'2019-12-03 06:55:00','Espece',11),(222,72,1,'2019-07-02 22:31:00','Espece',5.5),(223,94,3,'2019-03-10 09:24:00','Espece',68),(224,39,3,'2019-07-04 04:59:00','Espece',39.5),(225,28,8,'2019-04-10 03:06:00','CB',8),(226,28,9,'2019-11-09 06:36:00','CB',49),(227,110,10,'2019-10-07 00:34:00','CB',65.5),(228,67,4,'2019-06-09 11:49:00','Espece',37.5),(229,111,10,'2019-04-07 06:58:00','Espece',3),(230,33,11,'2019-04-08 06:17:00','CB',24),(231,112,7,'2019-04-08 07:02:00','Espece',3),(232,39,8,'2019-08-02 23:17:00','CB',69),(233,6,4,'2019-05-06 13:01:00','CB',62),(234,6,12,'2019-02-12 15:13:00','CB',40.5),(235,6,2,'2019-12-02 07:02:00','CB',87),(236,0,10,'2019-08-05 09:06:00','CB',34.5),(237,92,4,'2019-09-07 15:32:00','CB',27),(238,51,6,'2019-07-02 21:34:00','Espece',8),(239,142,6,'2019-04-08 08:33:00','CB',47.5),(240,0,9,'2019-10-08 23:23:00','CB',21.5),(241,54,10,'2019-10-07 21:49:00','Espece',43.5),(242,139,9,'2019-06-04 10:31:00','CB',58.5),(243,0,2,'2019-05-01 08:48:00','CB',18),(244,125,3,'2019-02-10 11:22:00','CB',13),(245,0,9,'2019-03-08 17:36:00','CB',59.5),(246,0,4,'2019-12-03 23:46:00','CB',49.5),(247,125,8,'2019-03-08 11:13:00','CB',65.5),(248,3,5,'2019-09-06 18:32:00','CB',46.5),(249,144,2,'2019-10-09 02:32:00','Espece',30.5),(250,41,1,'2019-04-05 11:01:00','Espece',4),(251,123,9,'2019-07-06 15:55:00','CB',7),(252,124,1,'2019-07-08 17:09:00','Espece',55),(253,99,3,'2019-01-11 06:36:00','CB',73),(254,39,3,'2019-07-11 02:45:00','Espece',47),(255,0,2,'2019-07-07 17:42:00','CB',36),(256,0,2,'2019-03-09 13:40:00','CB',12),(257,111,5,'2019-08-09 20:33:00','Espece',48.5),(258,28,2,'2019-09-09 17:12:00','CB',68),(259,112,1,'2019-09-04 13:34:00','CB',70.5),(260,0,6,'2019-02-12 17:13:00','CB',6),(261,68,10,'2019-05-03 09:20:00','Espece',4.5),(262,135,6,'2019-08-11 11:40:00','CB',57),(263,0,9,'2019-08-03 18:33:00','CB',11.5),(264,45,5,'2019-06-11 02:31:00','Espece',29.5),(265,138,5,'2019-12-06 22:48:00','CB',49),(266,90,1,'2019-07-04 06:34:00','Espece',48.5),(267,0,12,'2019-01-10 18:58:00','CB',58.5),(268,0,6,'2019-01-09 07:14:00','CB',34),(269,0,12,'2019-04-07 05:51:00','CB',16.5),(270,0,4,'2019-08-03 12:53:00','CB',40.5),(271,49,11,'2019-12-03 03:50:00','CB',37),(272,0,12,'2019-06-12 05:42:00','CB',39.5),(273,95,11,'2019-09-10 06:28:00','CB',33.5),(274,38,3,'2019-09-12 20:50:00','CB',11),(275,112,2,'2019-12-05 07:14:00','Espece',20.5),(276,45,9,'2019-04-03 16:09:00','CB',19),(277,0,12,'2019-05-08 02:15:00','CB',41),(278,71,12,'2019-09-12 17:56:00','CB',53.5),(279,71,9,'2019-01-12 15:51:00','Espece',38.5),(280,75,2,'2019-12-07 16:45:00','Espece',40),(281,136,11,'2019-06-05 18:45:00','Espece',78),(282,28,9,'2019-08-10 18:22:00','CB',9.5),(283,0,6,'2019-09-10 01:23:00','CB',24),(284,8,12,'2019-01-08 20:31:00','Espece',34.5),(285,139,5,'2019-10-05 03:50:00','Espece',37),(286,107,4,'2019-01-07 00:16:00','Espece',7),(287,0,12,'2019-06-12 04:03:00','CB',10.5),(288,139,9,'2019-06-01 19:17:00','Espece',10.5),(289,111,10,'2019-02-02 22:33:00','Espece',14),(290,142,3,'2019-12-12 00:21:00','CB',8.5),(291,0,11,'2019-04-08 12:52:00','CB',37.5),(292,0,9,'2019-12-11 18:04:00','CB',18),(293,45,12,'2019-01-02 20:58:00','CB',45),(294,95,12,'2019-08-02 08:35:00','Espece',26),(295,0,6,'2019-06-11 17:22:00','CB',58),(296,14,5,'2019-07-07 20:22:00','CB',65.5),(297,85,10,'2019-12-12 17:36:00','CB',44),(298,139,6,'2019-08-01 11:18:00','Espece',32.5),(299,0,4,'2019-07-09 21:22:00','CB',46.5),(300,33,11,'2019-08-09 19:31:00','CB',4.5),(301,0,6,'2019-04-10 02:36:00','CB',47),(302,0,11,'2019-03-03 00:44:00','CB',20.5),(303,41,5,'2019-07-06 21:11:00','CB',16.5),(304,0,4,'2019-10-09 13:22:00','CB',22.5),(305,0,12,'2019-01-05 15:09:00','CB',26),(306,118,11,'2019-03-09 22:10:00','CB',34),(307,41,4,'2019-11-06 18:36:00','CB',29.5),(308,0,12,'2019-06-05 13:30:00','CB',19.5),(309,136,2,'2019-12-02 00:15:00','CB',52.5),(310,34,6,'2019-03-07 03:12:00','CB',22),(311,0,2,'2019-08-04 06:57:00','CB',45),(312,8,12,'2019-07-11 13:14:00','CB',8.5),(313,135,11,'2019-07-07 19:58:00','CB',35),(314,62,4,'2019-08-11 23:14:00','Espece',48),(315,113,2,'2019-10-06 09:42:00','CB',26.5),(316,62,5,'2019-09-09 07:20:00','CB',69),(317,66,2,'2019-12-09 12:07:00','CB',15.5),(318,73,4,'2019-03-04 13:46:00','CB',9),(319,0,12,'2019-03-10 11:57:00','CB',23.5),(320,71,9,'2019-01-08 14:54:00','CB',62),(321,0,10,'2019-03-01 09:48:00','CB',3),(322,60,7,'2019-03-06 20:17:00','Espece',36.5),(323,148,9,'2019-08-10 07:56:00','CB',4.5),(324,0,9,'2019-01-06 09:21:00','CB',36),(325,111,10,'2019-07-04 13:02:00','CB',22),(326,136,8,'2019-11-11 06:20:00','CB',29),(327,0,12,'2019-07-12 19:21:00','CB',27),(328,145,7,'2019-12-05 02:04:00','Espece',31),(329,0,2,'2019-10-09 01:39:00','CB',39.5),(330,24,4,'2019-10-06 14:02:00','CB',23),(331,44,4,'2019-07-04 21:37:00','Espece',64.5),(332,0,9,'2019-04-05 20:49:00','CB',40.5),(333,38,2,'2019-04-09 22:05:00','Espece',48),(334,75,1,'2019-12-12 12:59:00','Espece',57.5),(335,0,4,'2019-03-09 22:32:00','CB',1.5),(336,94,7,'2019-05-04 03:42:00','Espece',12),(337,0,2,'2019-09-11 11:26:00','CB',22),(338,97,6,'2019-01-11 03:15:00','CB',25.5),(339,0,11,'2019-04-09 23:58:00','CB',56.5),(340,82,7,'2019-02-08 16:41:00','Espece',17),(341,0,9,'2019-11-04 18:10:00','CB',11),(342,49,12,'2019-11-08 06:44:00','CB',45.5),(343,144,5,'2019-02-06 15:53:00','Espece',74.5),(344,68,9,'2019-08-07 14:16:00','Espece',68.5),(345,110,9,'2019-09-08 00:04:00','CB',57),(346,111,11,'2019-10-02 19:30:00','Espece',5),(347,82,7,'2019-06-04 10:43:00','Espece',16.5),(348,0,12,'2019-05-05 11:30:00','CB',61),(349,14,12,'2019-11-11 04:36:00','CB',25),(350,145,2,'2019-09-03 13:56:00','Espece',77),(351,0,2,'2019-10-12 19:05:00','CB',12),(352,0,11,'2019-08-10 19:34:00','CB',44.5),(353,139,11,'2019-06-08 10:29:00','Espece',35.5),(354,0,11,'2019-06-03 08:00:00','CB',16.5),(355,132,5,'2019-07-10 19:00:00','Espece',57),(356,0,2,'2019-03-05 23:26:00','CB',27),(357,60,10,'2019-12-06 01:52:00','Espece',29),(358,0,10,'2019-04-06 22:01:00','CB',50.5),(359,67,3,'2019-11-11 04:09:00','CB',30.5),(360,123,10,'2019-01-01 19:18:00','Espece',9),(361,128,4,'2019-04-03 19:30:00','CB',35.5),(362,39,2,'2019-05-04 08:53:00','Espece',9),(363,97,2,'2019-02-09 02:02:00','CB',50),(364,0,11,'2019-05-11 17:19:00','CB',16.5),(365,86,3,'2019-04-10 18:07:00','CB',9.5),(366,145,6,'2019-04-05 12:12:00','CB',5.5),(367,0,2,'2019-08-08 15:52:00','CB',33.5),(368,19,3,'2019-05-11 05:56:00','Espece',54.5),(369,0,10,'2019-10-05 06:46:00','CB',28.5),(370,0,9,'2019-11-07 08:01:00','CB',38),(371,60,4,'2019-07-11 20:24:00','CB',6.5),(372,73,5,'2019-02-01 09:54:00','CB',31),(373,67,6,'2019-03-08 09:46:00','CB',2.5),(374,135,6,'2019-01-09 07:08:00','Espece',5),(375,132,9,'2019-11-11 09:13:00','Espece',16),(376,66,11,'2019-09-02 13:39:00','Espece',51.5),(377,0,2,'2019-05-07 23:32:00','CB',34),(378,0,12,'2019-08-06 11:24:00','CB',16.5),(379,34,7,'2019-02-12 23:15:00','Espece',21),(380,139,6,'2019-10-06 09:35:00','Espece',38),(381,71,4,'2019-12-07 10:35:00','Espece',22.5),(382,49,3,'2019-08-03 06:11:00','CB',62.5),(383,123,5,'2019-09-03 01:24:00','CB',40.5),(384,62,5,'2019-09-05 23:21:00','Espece',46.5),(385,0,4,'2019-05-02 14:48:00','CB',50.5),(386,137,6,'2019-01-08 16:38:00','Espece',27.5),(387,0,2,'2019-12-04 15:37:00','CB',59.5),(388,132,12,'2019-10-03 23:05:00','Espece',28),(389,109,3,'2019-09-09 21:47:00','Espece',66.5),(390,45,3,'2019-04-01 12:48:00','Espece',68.5),(391,2,12,'2019-06-12 08:24:00','CB',8),(392,145,9,'2019-07-05 18:20:00','CB',42),(393,49,1,'2019-12-06 02:37:00','CB',72),(394,118,10,'2019-05-01 06:49:00','Espece',24),(395,54,11,'2019-12-11 15:54:00','CB',37.5),(396,60,9,'2019-11-02 20:44:00','Espece',22),(397,0,2,'2019-11-11 07:38:00','CB',5.5),(398,33,6,'2019-10-10 10:12:00','CB',28),(399,39,11,'2019-10-10 11:06:00','Espece',47),(400,148,5,'2019-05-10 20:05:00','CB',27),(401,0,4,'2019-09-10 15:57:00','CB',70.5),(402,0,4,'2019-03-07 22:11:00','CB',31),(403,121,4,'2019-04-03 12:44:00','Espece',48.5),(404,99,5,'2019-04-11 17:48:00','Espece',16),(405,0,9,'2019-11-06 06:43:00','CB',13.5),(406,8,10,'2019-06-09 19:10:00','CB',3),(407,53,9,'2019-02-09 23:28:00','CB',34),(408,62,7,'2019-03-04 14:12:00','Espece',5),(409,132,12,'2019-05-04 17:46:00','CB',21.5),(410,124,10,'2019-01-08 21:16:00','Espece',44.5),(411,60,11,'2019-01-05 19:29:00','Espece',18),(412,118,12,'2019-03-02 04:52:00','Espece',4.5),(413,0,10,'2019-06-01 11:57:00','CB',30),(414,0,6,'2019-02-09 09:21:00','CB',25),(415,41,9,'2019-09-04 13:46:00','CB',24),(416,109,12,'2019-04-12 12:20:00','Espece',68.5),(417,138,6,'2019-10-09 15:25:00','CB',7),(418,0,9,'2019-10-04 21:37:00','CB',14.5),(419,24,9,'2019-06-08 02:41:00','Espece',8),(420,142,4,'2019-06-10 20:35:00','CB',62.5),(421,107,11,'2019-09-01 09:07:00','CB',42.5),(422,0,12,'2019-02-11 17:52:00','CB',44.5),(423,95,2,'2019-11-12 04:20:00','Espece',16.5),(424,0,4,'2019-02-10 18:25:00','CB',46),(425,136,3,'2019-06-01 12:15:00','Espece',12),(426,14,6,'2019-06-08 03:48:00','CB',74.5),(427,45,9,'2019-06-10 06:16:00','CB',43.5),(428,0,9,'2019-12-12 14:02:00','CB',54),(429,14,9,'2019-05-03 07:50:00','Espece',5.5),(430,0,10,'2019-03-09 16:27:00','CB',26),(431,121,4,'2019-11-06 06:11:00','CB',23),(432,71,12,'2019-01-08 02:05:00','Espece',39.5),(433,0,12,'2019-03-08 09:58:00','CB',13),(434,0,2,'2019-11-05 04:21:00','CB',29.5),(435,68,10,'2019-01-07 17:55:00','CB',87),(436,0,11,'2019-04-05 13:13:00','CB',53.5),(437,95,10,'2019-03-04 05:26:00','CB',41),(438,14,9,'2019-10-04 23:49:00','CB',26.5),(439,109,4,'2019-09-01 21:43:00','Espece',66),(440,110,7,'2019-09-08 10:03:00','Espece',47),(441,66,4,'2019-03-11 10:11:00','Espece',55),(442,0,12,'2019-11-07 22:31:00','CB',54),(443,132,5,'2019-03-05 17:16:00','Espece',6),(444,75,2,'2019-11-12 07:31:00','Espece',29),(445,99,8,'2019-06-02 14:46:00','Espece',23.5),(446,135,8,'2019-05-01 12:25:00','CB',11),(447,0,11,'2019-07-04 06:23:00','CB',36.5),(448,39,2,'2019-08-09 10:13:00','Espece',63),(449,132,1,'2019-11-07 04:10:00','CB',65.5),(450,111,5,'2019-01-07 22:00:00','Espece',11),(451,0,9,'2019-10-09 16:21:00','CB',28),(452,0,10,'2019-04-05 12:11:00','CB',43),(453,132,5,'2019-11-09 21:50:00','CB',1.5),(454,113,11,'2019-01-11 23:27:00','Espece',16.5),(455,67,9,'2019-02-06 15:51:00','Espece',12),(456,24,2,'2019-03-11 15:28:00','CB',28.5),(457,110,11,'2019-04-09 09:17:00','CB',11.5),(458,136,6,'2019-01-03 20:55:00','Espece',21),(459,125,12,'2019-07-07 14:37:00','Espece',24.5),(460,137,7,'2019-03-11 23:36:00','Espece',43),(461,94,1,'2019-11-02 01:21:00','CB',42.5),(462,144,11,'2019-03-05 21:37:00','CB',16.5),(463,49,12,'2019-12-08 12:58:00','CB',28),(464,2,3,'2019-07-07 05:01:00','Espece',37.5),(465,0,9,'2019-08-09 07:21:00','CB',39.5),(466,67,11,'2019-08-12 10:34:00','CB',24.5),(467,0,10,'2019-06-11 11:29:00','CB',5),(468,137,8,'2019-02-06 18:32:00','Espece',7.5),(469,0,10,'2019-09-05 03:49:00','CB',44.5),(470,0,4,'2019-11-04 08:53:00','CB',6.5),(471,107,6,'2019-02-04 12:22:00','Espece',5),(472,29,3,'2019-04-11 09:40:00','CB',35.5),(473,0,2,'2019-12-08 11:11:00','CB',10),(474,54,8,'2019-01-04 16:32:00','Espece',4.5),(475,0,11,'2019-02-08 13:22:00','CB',25.5),(476,33,12,'2019-10-08 01:08:00','CB',14),(477,0,12,'2019-03-10 21:17:00','CB',15),(478,90,11,'2019-05-01 04:45:00','CB',9.5),(479,38,12,'2019-05-12 02:11:00','Espece',35.5),(480,101,12,'2019-09-10 09:21:00','CB',59),(481,99,5,'2019-02-11 15:12:00','Espece',33),(482,0,12,'2019-01-06 02:44:00','CB',13),(483,34,12,'2019-09-11 07:49:00','Espece',12),(484,0,10,'2019-10-08 05:27:00','CB',39.5),(485,110,9,'2019-09-08 10:49:00','Espece',43.5),(486,123,5,'2019-02-10 09:18:00','Espece',56),(487,0,6,'2019-04-09 06:00:00','CB',13.5),(488,44,5,'2019-05-05 13:31:00','Espece',22),(489,99,12,'2019-05-01 03:49:00','CB',10),(490,123,3,'2019-05-08 17:22:00','CB',65),(491,125,11,'2019-06-09 22:52:00','Espece',25.5),(492,0,9,'2019-11-11 15:06:00','CB',44.5),(493,33,6,'2019-03-06 19:28:00','Espece',9),(494,0,2,'2019-02-10 00:46:00','CB',12),(495,49,3,'2019-06-02 17:00:00','Espece',44.5),(496,110,8,'2019-08-12 11:47:00','Espece',43),(497,29,9,'2019-09-06 11:20:00','CB',50.5),(498,0,11,'2019-09-12 06:54:00','CB',14),(499,68,1,'2019-01-07 17:00:00','Espece',62.5),(500,125,2,'2019-02-04 05:13:00','Espece',54.5),(501,0,6,'2019-09-01 11:11:00','CB',27.5),(502,0,4,'2019-12-11 23:24:00','CB',19.5),(503,0,2,'2019-10-02 16:43:00','CB',43.5),(504,0,12,'2019-09-10 01:37:00','CB',2.5),(505,136,4,'2019-03-09 22:43:00','Espece',23.5),(506,138,5,'2019-02-06 14:35:00','Espece',25.5),(507,124,6,'2019-07-11 21:57:00','CB',7),(508,34,7,'2019-08-04 23:11:00','Espece',21.5),(509,44,5,'2019-08-05 13:26:00','Espece',56),(510,71,9,'2019-05-08 11:40:00','CB',82.5),(511,123,12,'2019-02-05 09:36:00','Espece',12.5),(512,0,4,'2019-10-03 05:12:00','CB',18),(513,38,1,'2019-10-05 16:40:00','Espece',20),(514,41,1,'2019-10-10 00:19:00','Espece',19),(515,71,5,'2019-08-02 00:02:00','Espece',54.5),(516,39,5,'2019-12-12 19:32:00','CB',16),(517,44,6,'2019-04-08 05:36:00','CB',43.5),(518,148,1,'2019-12-08 09:37:00','Espece',28.5),(519,39,5,'2019-08-05 16:51:00','Espece',36),(520,68,10,'2019-07-08 17:17:00','CB',23),(521,3,7,'2019-07-01 21:25:00','Espece',22),(522,0,12,'2019-12-05 00:09:00','CB',9),(523,34,7,'2019-03-07 07:42:00','CB',51),(524,118,11,'2019-02-11 01:50:00','CB',7),(525,0,10,'2019-03-10 10:01:00','CB',68),(526,39,4,'2019-07-05 06:34:00','Espece',10),(527,0,11,'2019-12-08 23:57:00','CB',45),(528,139,1,'2019-11-07 14:41:00','CB',47),(529,0,10,'2019-08-09 10:20:00','CB',55.5),(530,137,11,'2019-05-10 20:12:00','Espece',7.5),(531,101,12,'2019-09-06 01:44:00','Espece',24.5),(532,94,1,'2019-12-10 21:50:00','Espece',39),(533,99,10,'2019-12-08 06:45:00','CB',68.5),(534,73,9,'2019-10-03 01:37:00','CB',16),(535,90,7,'2019-08-02 06:31:00','Espece',81.5),(536,0,2,'2019-06-06 18:34:00','CB',22.5),(537,19,11,'2019-07-03 10:10:00','Espece',24),(538,128,10,'2019-10-04 21:29:00','CB',38),(539,121,6,'2019-11-02 10:24:00','Espece',8.5),(540,110,4,'2019-09-05 13:15:00','Espece',14),(541,118,8,'2019-11-08 18:33:00','CB',23),(542,0,9,'2019-02-01 20:06:00','CB',81.5),(543,38,2,'2019-07-09 18:05:00','Espece',51.5),(544,107,10,'2019-05-09 09:46:00','Espece',29.5),(545,92,11,'2019-05-01 11:42:00','Espece',2.5),(546,144,10,'2019-04-04 23:44:00','Espece',27.5),(547,97,6,'2019-10-09 05:27:00','CB',35.5),(548,28,12,'2019-10-11 23:28:00','Espece',39.5),(549,112,2,'2019-12-03 14:12:00','CB',24),(550,72,9,'2019-08-07 00:56:00','CB',71.5),(551,71,3,'2019-12-05 00:38:00','CB',33.5),(552,0,6,'2019-03-11 06:17:00','CB',21),(553,0,4,'2019-11-01 16:52:00','CB',43.5),(554,0,9,'2019-05-11 22:11:00','CB',35.5),(555,118,1,'2019-09-05 02:20:00','CB',26),(556,34,10,'2019-02-12 02:57:00','CB',42.5),(557,0,6,'2019-09-09 02:50:00','CB',58),(558,0,11,'2019-12-07 10:45:00','CB',36.5),(559,41,6,'2019-08-11 19:32:00','CB',2.5),(560,148,10,'2019-02-04 15:13:00','CB',21),(561,0,2,'2019-10-03 16:39:00','CB',76),(562,124,10,'2019-05-09 22:55:00','CB',20),(563,45,8,'2019-02-07 06:51:00','Espece',7.5),(564,0,10,'2019-05-03 20:38:00','CB',72),(565,38,8,'2019-09-07 21:28:00','Espece',36.5),(566,2,2,'2019-02-11 03:17:00','Espece',10.5),(567,0,10,'2019-09-05 18:54:00','CB',38.5),(568,0,6,'2019-09-10 10:19:00','CB',12.5),(569,148,3,'2019-07-06 12:58:00','Espece',15),(570,109,11,'2019-07-02 13:59:00','CB',34.5),(571,28,12,'2019-08-06 07:08:00','Espece',38),(572,123,11,'2019-05-04 19:21:00','CB',34.5),(573,125,7,'2019-05-12 16:20:00','CB',42),(574,45,4,'2019-01-07 11:45:00','CB',55),(575,95,6,'2019-03-11 01:45:00','Espece',46),(576,72,3,'2019-08-11 10:19:00','CB',71),(577,144,4,'2019-09-09 09:58:00','Espece',23.5),(578,66,4,'2019-03-01 05:08:00','Espece',12),(579,97,1,'2019-10-08 10:41:00','CB',34),(580,128,12,'2019-07-06 04:07:00','CB',37),(581,92,12,'2019-03-12 07:19:00','Espece',64),(582,0,10,'2019-02-04 11:37:00','CB',12),(583,121,12,'2019-01-12 14:09:00','Espece',8.5),(584,29,10,'2019-06-11 00:39:00','CB',19.5),(585,86,8,'2019-07-08 06:15:00','Espece',14),(586,2,6,'2019-08-10 20:11:00','CB',49.5),(587,62,5,'2019-06-04 10:22:00','CB',37.5),(588,139,5,'2019-05-10 12:02:00','CB',20.5),(589,0,10,'2019-07-07 06:37:00','CB',27),(590,49,9,'2019-09-06 22:44:00','Espece',36.5),(591,0,2,'2019-06-09 22:55:00','CB',62.5),(592,90,3,'2019-04-11 11:19:00','Espece',13),(593,75,6,'2019-03-04 15:26:00','Espece',22),(594,139,3,'2019-12-05 08:31:00','Espece',50),(595,99,4,'2019-02-08 11:13:00','CB',6),(596,99,1,'2019-03-10 08:07:00','CB',33),(597,53,5,'2019-08-09 20:51:00','CB',52),(598,138,5,'2019-12-03 21:51:00','Espece',76.5),(599,0,4,'2019-02-07 16:10:00','CB',39.5),(600,85,4,'2019-12-12 04:18:00','CB',21),(601,33,9,'2019-08-01 22:19:00','CB',37),(602,145,1,'2019-01-04 00:02:00','CB',10),(603,110,5,'2019-09-06 10:21:00','Espece',66.5),(604,0,10,'2019-03-06 02:30:00','CB',51.5),(605,85,11,'2019-09-07 11:09:00','CB',50.5),(606,2,10,'2019-12-08 09:24:00','CB',10.5),(607,111,12,'2019-02-08 22:20:00','Espece',41.5),(608,124,10,'2019-08-09 13:55:00','CB',58.5),(609,3,10,'2019-03-11 02:09:00','Espece',25.5),(610,118,8,'2019-07-01 12:20:00','Espece',37),(611,54,4,'2019-01-08 21:52:00','CB',39),(612,0,12,'2019-09-05 02:26:00','CB',41.5),(613,33,2,'2019-02-07 21:18:00','Espece',50.5),(614,97,9,'2019-01-09 04:27:00','Espece',20.5),(615,148,9,'2019-12-09 04:10:00','CB',8),(616,34,2,'2019-08-07 22:48:00','Espece',30),(617,125,10,'2019-04-06 10:59:00','CB',48.5),(618,45,6,'2019-03-08 23:29:00','Espece',64),(619,0,6,'2019-10-03 17:11:00','CB',43.5),(620,0,12,'2019-10-11 15:22:00','CB',20),(621,135,2,'2019-05-05 08:41:00','CB',29),(622,66,9,'2019-04-06 11:31:00','CB',32.5),(623,0,4,'2019-02-08 17:50:00','CB',57),(624,3,5,'2019-03-05 12:30:00','Espece',73),(625,0,6,'2019-05-12 00:11:00','CB',39),(626,24,9,'2019-01-04 12:28:00','Espece',52.5),(627,0,12,'2019-09-09 23:31:00','CB',36),(628,128,10,'2019-03-11 12:51:00','CB',2.5),(629,124,8,'2019-10-10 13:43:00','Espece',22.5),(630,51,1,'2019-01-12 05:18:00','CB',46),(631,136,11,'2019-05-10 03:12:00','CB',51),(632,0,11,'2019-08-01 02:27:00','CB',22),(633,0,9,'2019-08-11 23:39:00','CB',2.5),(634,99,10,'2019-12-02 03:06:00','Espece',49.5),(635,0,2,'2019-10-12 11:06:00','CB',62.5),(636,28,10,'2019-02-10 14:45:00','CB',42.5),(637,0,6,'2019-09-10 18:04:00','CB',26),(638,113,4,'2019-06-07 13:06:00','Espece',58.5),(639,0,11,'2019-12-03 02:09:00','CB',41),(640,0,9,'2019-12-06 13:57:00','CB',7),(641,6,1,'2019-11-06 16:00:00','CB',47.5),(642,0,9,'2019-09-09 01:29:00','CB',42.5),(643,49,11,'2019-08-04 17:50:00','Espece',40.5),(644,34,10,'2019-06-02 10:00:00','Espece',22.5),(645,113,3,'2019-12-10 22:10:00','Espece',38),(646,145,6,'2019-11-03 14:53:00','CB',57),(647,2,10,'2019-12-01 22:57:00','Espece',18),(648,0,2,'2019-01-06 20:59:00','CB',16),(649,41,8,'2019-08-03 10:58:00','Espece',12),(650,107,8,'2019-08-07 20:03:00','Espece',33.5),(651,66,12,'2019-08-04 11:37:00','CB',10),(652,0,6,'2019-04-12 13:52:00','CB',17),(653,38,3,'2019-08-09 13:57:00','CB',42.5),(654,0,11,'2019-07-12 20:18:00','CB',43),(655,136,12,'2019-08-04 07:11:00','Espece',51),(656,85,1,'2019-09-03 05:44:00','CB',36),(657,29,9,'2019-11-02 04:10:00','Espece',5),(658,0,2,'2019-01-04 17:58:00','CB',31.5),(659,45,5,'2019-11-11 15:43:00','Espece',23),(660,128,12,'2019-09-07 14:01:00','Espece',73),(661,125,9,'2019-10-12 09:49:00','Espece',35),(662,107,10,'2019-03-09 17:44:00','Espece',37.5),(663,138,1,'2019-08-12 07:07:00','Espece',37.5),(664,44,2,'2019-07-05 18:52:00','CB',28.5),(665,6,8,'2019-07-04 04:14:00','CB',5.5),(666,110,5,'2019-08-04 20:01:00','CB',58.5),(667,44,6,'2019-06-01 11:24:00','Espece',69.5),(668,0,11,'2019-06-05 05:31:00','CB',46.5),(669,0,6,'2019-07-09 00:11:00','CB',6),(670,123,5,'2019-03-09 19:31:00','CB',7),(671,72,5,'2019-02-01 04:17:00','Espece',25),(672,0,12,'2019-01-05 03:55:00','CB',50.5),(673,45,6,'2019-06-08 17:24:00','Espece',5),(674,0,4,'2019-10-04 07:53:00','CB',34),(675,109,11,'2019-12-08 18:29:00','CB',9),(676,0,12,'2019-10-04 06:08:00','CB',17.5),(677,68,12,'2019-03-04 03:08:00','Espece',7.5),(678,0,11,'2019-06-08 08:13:00','CB',24),(679,2,3,'2019-10-02 22:59:00','CB',34),(680,53,12,'2019-07-02 20:33:00','CB',10),(681,0,4,'2019-09-10 00:58:00','CB',51.5),(682,38,5,'2019-11-04 16:23:00','Espece',35.5),(683,121,5,'2019-06-04 21:14:00','CB',42.5),(684,99,4,'2019-10-04 09:10:00','Espece',14),(685,66,6,'2019-07-01 04:37:00','CB',101),(686,24,9,'2019-03-09 21:09:00','CB',5),(687,24,1,'2019-06-10 07:55:00','CB',46.5),(688,112,6,'2019-09-12 04:56:00','CB',39),(689,44,12,'2019-10-04 19:51:00','CB',38),(690,0,11,'2019-02-04 20:59:00','CB',39.5),(691,60,11,'2019-01-10 19:02:00','Espece',48),(692,135,1,'2019-08-10 04:35:00','CB',41.5),(693,60,8,'2019-06-01 15:18:00','Espece',57.5),(694,0,10,'2019-10-04 14:14:00','CB',11),(695,6,5,'2019-11-04 21:49:00','CB',6),(696,86,2,'2019-08-04 09:07:00','CB',15.5),(697,0,10,'2019-03-03 07:16:00','CB',58.5),(698,0,9,'2019-07-04 18:51:00','CB',28),(699,19,2,'2019-01-05 22:54:00','CB',41.5),(700,0,4,'2019-06-04 02:15:00','CB',3),(701,85,9,'2019-02-02 02:03:00','CB',27),(702,121,11,'2019-03-08 08:52:00','Espece',32),(703,148,6,'2019-05-12 11:09:00','CB',37.5),(704,66,12,'2019-04-09 19:07:00','Espece',8),(705,0,2,'2019-03-02 02:14:00','CB',26.5),(706,66,6,'2019-06-12 00:44:00','Espece',19),(707,0,9,'2019-12-07 10:38:00','CB',47),(708,0,12,'2019-10-10 06:18:00','CB',60),(709,90,7,'2019-12-12 17:52:00','Espece',68),(710,8,4,'2019-06-11 17:43:00','Espece',21.5),(711,2,9,'2019-02-02 16:27:00','Espece',15),(712,44,2,'2019-07-01 20:58:00','Espece',67.5),(713,0,11,'2019-01-03 01:06:00','CB',41.5),(714,0,6,'2019-01-03 14:56:00','CB',18),(715,123,1,'2019-05-06 05:10:00','CB',16),(716,137,7,'2019-11-11 03:29:00','Espece',41),(717,8,10,'2019-10-02 02:24:00','Espece',6),(718,0,9,'2019-08-12 13:03:00','CB',22),(719,0,10,'2019-01-05 14:18:00','CB',44),(720,139,6,'2019-08-07 20:21:00','CB',7.5),(721,0,6,'2019-02-05 00:11:00','CB',65.5),(722,28,5,'2019-10-06 20:11:00','Espece',3),(723,0,6,'2019-04-03 19:45:00','CB',29.5),(724,0,2,'2019-07-08 07:50:00','CB',69),(725,132,12,'2019-03-01 08:27:00','CB',29.5),(726,8,2,'2019-07-09 07:35:00','Espece',38.5),(727,107,3,'2019-11-04 04:34:00','CB',24),(728,0,11,'2019-03-12 19:24:00','CB',5),(729,0,9,'2019-05-08 17:19:00','CB',16.5),(730,110,12,'2019-02-12 19:42:00','CB',40),(731,135,10,'2019-06-03 15:58:00','Espece',9),(732,0,12,'2019-09-03 20:48:00','CB',40.5),(733,62,12,'2019-07-06 23:24:00','Espece',32),(734,95,1,'2019-01-11 00:57:00','CB',52),(735,145,5,'2019-03-05 18:09:00','Espece',12),(736,66,5,'2019-03-04 07:51:00','CB',72),(737,62,7,'2019-02-09 16:37:00','CB',77),(738,8,10,'2019-05-02 11:08:00','Espece',5),(739,139,9,'2019-04-04 17:31:00','Espece',39),(740,68,4,'2019-02-05 00:39:00','CB',40.5),(741,0,10,'2019-09-11 11:21:00','CB',33),(742,137,9,'2019-10-12 22:45:00','CB',6.5),(743,0,2,'2019-11-10 08:12:00','CB',2.5),(744,3,10,'2019-06-07 22:28:00','CB',45.5),(745,113,5,'2019-09-01 21:40:00','Espece',4.5),(746,0,11,'2019-11-09 13:07:00','CB',44),(747,19,9,'2019-11-07 00:02:00','Espece',36),(748,6,1,'2019-04-04 09:34:00','CB',42.5),(749,0,6,'2019-04-05 18:37:00','CB',16.5),(750,0,10,'2019-09-02 21:29:00','CB',37.5),(751,0,4,'2019-06-01 23:57:00','CB',43),(752,0,11,'2019-10-03 05:53:00','CB',9),(753,0,12,'2019-10-12 04:36:00','CB',45),(754,124,10,'2019-05-08 16:01:00','Espece',13.5),(755,0,9,'2019-03-05 04:49:00','CB',27),(756,128,12,'2019-10-08 21:18:00','CB',23),(757,0,10,'2019-08-04 03:06:00','CB',45.5),(758,113,9,'2019-04-05 06:58:00','CB',27),(759,62,7,'2019-02-08 07:16:00','Espece',80),(760,107,2,'2019-10-12 16:43:00','CB',3),(761,24,4,'2019-04-12 02:29:00','Espece',41),(762,0,6,'2019-09-08 17:00:00','CB',15),(763,14,6,'2019-12-02 10:57:00','Espece',63.5),(764,3,9,'2019-09-02 12:04:00','CB',10),(765,0,4,'2019-03-09 23:09:00','CB',73),(766,0,4,'2019-07-07 09:11:00','CB',19),(767,45,4,'2019-01-02 06:36:00','CB',49.5),(768,85,5,'2019-02-08 09:09:00','Espece',21.5),(769,8,7,'2019-11-10 15:23:00','Espece',27),(770,33,6,'2019-06-11 21:14:00','CB',35),(771,8,11,'2019-02-06 13:49:00','CB',21.5),(772,41,7,'2019-04-01 06:19:00','CB',9),(773,0,4,'2019-06-07 22:43:00','CB',46.5),(774,2,7,'2019-11-04 07:10:00','CB',60.5),(775,71,5,'2019-10-11 12:47:00','Espece',43.5),(776,0,10,'2019-07-10 22:48:00','CB',20),(777,44,8,'2019-11-02 03:48:00','Espece',15),(778,86,7,'2019-02-07 01:15:00','CB',37.5),(779,124,9,'2019-04-08 21:03:00','CB',21.5),(780,132,1,'2019-09-10 04:41:00','Espece',23.5),(781,29,7,'2019-03-05 06:58:00','Espece',27),(782,49,3,'2019-04-04 23:00:00','CB',49),(783,86,2,'2019-12-01 02:27:00','CB',22),(784,124,8,'2019-08-01 00:43:00','CB',17.5),(785,0,10,'2019-05-10 22:23:00','CB',17.5),(786,0,6,'2019-12-09 14:36:00','CB',69),(787,0,12,'2019-05-04 20:19:00','CB',47.5),(788,19,12,'2019-11-04 00:51:00','CB',33),(789,85,6,'2019-02-10 03:44:00','Espece',64),(790,0,12,'2019-11-06 08:19:00','CB',27.5),(791,0,12,'2019-01-01 22:47:00','CB',16.5),(792,110,1,'2019-01-07 11:03:00','CB',21),(793,112,7,'2019-01-03 17:12:00','Espece',15),(794,38,10,'2019-02-06 01:40:00','Espece',41),(795,0,4,'2019-11-05 02:45:00','CB',96),(796,0,11,'2019-08-05 13:17:00','CB',37.5),(797,0,6,'2019-12-09 20:02:00','CB',33),(798,0,10,'2019-08-11 10:52:00','CB',55),(799,125,6,'2019-01-06 20:28:00','Espece',24.5),(800,0,9,'2019-06-09 17:41:00','CB',19),(801,82,7,'2019-06-09 05:07:00','CB',40.5),(802,136,4,'2019-10-08 04:20:00','Espece',38.5),(803,148,4,'2019-07-09 23:24:00','Espece',55.5),(804,125,3,'2019-03-08 06:46:00','Espece',49.5),(805,0,10,'2019-06-04 02:32:00','CB',72.5),(806,60,7,'2019-03-06 18:40:00','Espece',36),(807,0,11,'2019-07-09 09:38:00','CB',39.5),(808,0,2,'2019-10-01 11:46:00','CB',51),(809,41,4,'2019-10-02 16:29:00','CB',48),(810,0,6,'2019-12-03 06:12:00','CB',5.5),(811,128,4,'2019-10-12 11:07:00','Espece',15),(812,6,10,'2019-01-11 04:33:00','Espece',15),(813,3,4,'2019-05-04 02:55:00','Espece',27),(814,107,12,'2019-12-01 02:06:00','CB',30.5),(815,92,2,'2019-03-04 14:41:00','Espece',41.5),(816,142,7,'2019-08-07 14:00:00','Espece',11.5),(817,0,6,'2019-09-11 17:14:00','CB',19.5),(818,38,4,'2019-04-03 23:06:00','Espece',5),(819,0,12,'2019-11-09 04:02:00','CB',17.5),(820,0,10,'2019-05-05 15:27:00','CB',30.5),(821,34,8,'2019-03-03 19:21:00','CB',39),(822,0,2,'2019-09-04 20:35:00','CB',28),(823,0,4,'2019-11-07 23:19:00','CB',47),(824,68,7,'2019-02-08 00:10:00','CB',6),(825,0,10,'2019-01-10 17:25:00','CB',55.5),(826,0,2,'2019-07-09 03:24:00','CB',14.5),(827,2,10,'2019-08-05 15:25:00','CB',53.5),(828,0,10,'2019-05-09 08:39:00','CB',21.5),(829,0,2,'2019-09-02 07:21:00','CB',4),(830,0,9,'2019-09-03 23:32:00','CB',51.5),(831,0,12,'2019-09-12 13:07:00','CB',17),(832,0,12,'2019-07-11 11:39:00','CB',18.5),(833,121,2,'2019-09-04 21:23:00','Espece',47.5),(834,0,9,'2019-02-05 05:37:00','CB',22.5),(835,60,11,'2019-10-10 05:12:00','CB',6),(836,54,9,'2019-04-03 19:45:00','Espece',61),(837,29,4,'2019-02-05 18:12:00','Espece',12),(838,2,3,'2019-05-07 01:29:00','Espece',5),(839,28,10,'2019-05-08 20:51:00','CB',28),(840,0,11,'2019-02-02 14:29:00','CB',41.5),(841,142,3,'2019-11-05 03:19:00','CB',69.5),(842,29,4,'2019-12-10 10:34:00','Espece',30.5),(843,0,12,'2019-05-08 06:40:00','CB',6.5),(844,6,4,'2019-04-09 01:58:00','Espece',38),(845,113,11,'2019-06-06 17:33:00','Espece',27),(846,0,2,'2019-09-07 16:05:00','CB',32),(847,68,5,'2019-09-02 12:56:00','CB',55.5),(848,0,11,'2019-10-01 12:38:00','CB',24),(849,38,5,'2019-11-11 05:55:00','Espece',41.5),(850,118,1,'2019-11-09 01:15:00','Espece',57.5),(851,142,7,'2019-06-05 16:12:00','Espece',24),(852,8,1,'2019-03-05 22:07:00','CB',13.5),(853,0,9,'2019-08-06 22:40:00','CB',37.5),(854,0,12,'2019-07-10 12:41:00','CB',43.5),(855,0,12,'2019-10-12 11:11:00','CB',15),(856,24,9,'2019-08-11 07:27:00','Espece',9),(857,75,4,'2019-09-10 04:28:00','CB',38.5),(858,121,1,'2019-07-02 11:53:00','Espece',33.5),(859,38,4,'2019-09-07 02:25:00','CB',14),(860,24,11,'2019-03-10 02:06:00','Espece',12),(861,19,9,'2019-06-02 04:02:00','Espece',48),(862,73,9,'2019-05-10 14:04:00','CB',15),(863,0,10,'2019-02-04 03:23:00','CB',61),(864,110,11,'2019-04-10 13:48:00','CB',15),(865,123,10,'2019-03-04 00:53:00','CB',17),(866,112,1,'2019-08-06 13:46:00','CB',43.5),(867,142,4,'2019-02-07 15:46:00','Espece',63.5),(868,0,4,'2019-07-03 06:27:00','CB',15.5),(869,132,5,'2019-04-08 19:31:00','CB',22),(870,0,9,'2019-03-12 14:55:00','CB',15.5),(871,97,11,'2019-06-08 03:58:00','CB',32.5),(872,44,5,'2019-06-12 03:43:00','Espece',7),(873,110,11,'2019-05-06 12:51:00','CB',3),(874,73,5,'2019-05-09 21:08:00','CB',7.5),(875,121,12,'2019-06-03 05:09:00','Espece',22),(876,118,3,'2019-01-04 00:54:00','CB',45.5),(877,72,2,'2019-11-11 14:01:00','Espece',7),(878,0,2,'2019-07-02 00:38:00','CB',3),(879,109,7,'2019-10-10 07:27:00','CB',34.5),(880,0,4,'2019-08-12 20:09:00','CB',69),(881,14,4,'2019-07-01 14:41:00','Espece',60),(882,110,1,'2019-06-09 14:37:00','CB',64),(883,19,4,'2019-05-11 22:11:00','CB',56.5),(884,137,9,'2019-08-03 00:50:00','CB',20),(885,0,10,'2019-01-11 08:44:00','CB',40),(886,113,6,'2019-05-02 18:23:00','Espece',63),(887,0,6,'2019-08-04 09:59:00','CB',17),(888,138,8,'2019-07-02 14:55:00','CB',36),(889,39,11,'2019-07-02 12:07:00','CB',22.5),(890,49,6,'2019-06-11 09:22:00','Espece',15.5),(891,51,2,'2019-05-02 23:17:00','Espece',68),(892,92,10,'2019-06-04 16:18:00','Espece',39),(893,145,12,'2019-02-07 04:27:00','CB',22.5),(894,0,2,'2019-08-02 20:41:00','CB',10),(895,8,5,'2019-04-08 22:09:00','Espece',21.5),(896,0,11,'2019-05-03 08:18:00','CB',8.5),(897,39,4,'2019-12-02 00:38:00','CB',63.5),(898,85,1,'2019-12-04 14:25:00','Espece',27),(899,138,9,'2019-09-06 11:44:00','CB',3),(900,0,2,'2019-07-01 04:27:00','CB',12),(901,68,12,'2019-08-09 09:38:00','CB',37),(902,0,6,'2019-06-05 17:32:00','CB',9),(903,118,7,'2019-06-10 11:28:00','Espece',45.5),(904,0,12,'2019-06-11 14:11:00','CB',33),(905,66,4,'2019-04-11 03:37:00','CB',24.5),(906,33,12,'2019-06-01 06:40:00','Espece',44.5),(907,0,2,'2019-08-08 01:57:00','CB',54),(908,124,9,'2019-04-11 17:30:00','CB',12),(909,44,1,'2019-02-02 07:55:00','CB',8),(910,0,4,'2019-07-07 03:47:00','CB',18.5),(911,0,11,'2019-03-03 09:53:00','CB',7.5),(912,0,11,'2019-09-04 23:22:00','CB',19.5),(913,118,5,'2019-07-11 12:08:00','Espece',33),(914,144,7,'2019-09-06 16:19:00','CB',37),(915,125,6,'2019-07-03 01:44:00','CB',35.5),(916,124,11,'2019-07-04 23:39:00','Espece',21),(917,109,12,'2019-08-11 14:48:00','CB',56),(918,0,9,'2019-06-11 08:56:00','CB',24),(919,0,4,'2019-08-09 08:27:00','CB',18),(920,38,8,'2019-12-04 12:22:00','CB',44.5),(921,109,12,'2019-03-02 12:25:00','Espece',4),(922,54,9,'2019-01-01 05:20:00','CB',70),(923,111,5,'2019-01-04 00:33:00','Espece',13.5),(924,139,1,'2019-05-10 04:57:00','Espece',39),(925,137,2,'2019-02-08 12:57:00','Espece',56.5),(926,3,1,'2019-05-04 06:14:00','CB',18.5),(927,68,11,'2019-10-02 10:48:00','CB',6),(928,0,6,'2019-01-10 23:39:00','CB',71.5),(929,39,1,'2019-04-02 22:36:00','CB',24),(930,14,8,'2019-01-03 23:53:00','CB',1.5),(931,28,8,'2019-08-10 01:38:00','Espece',20),(932,111,4,'2019-08-10 01:21:00','CB',31),(933,85,11,'2019-11-08 14:52:00','Espece',21.5),(934,86,6,'2019-04-03 08:20:00','Espece',34),(935,60,11,'2019-01-11 09:58:00','CB',61.5),(936,0,2,'2019-02-08 03:49:00','CB',38),(937,0,10,'2019-07-07 00:29:00','CB',5),(938,123,10,'2019-03-09 03:35:00','CB',1.5),(939,62,8,'2019-08-03 10:07:00','Espece',28.5),(940,109,8,'2019-12-05 01:08:00','Espece',80),(941,0,4,'2019-04-10 19:07:00','CB',43.5),(942,0,9,'2019-07-08 19:55:00','CB',40.5),(943,62,8,'2019-08-04 03:15:00','Espece',28),(944,6,4,'2019-05-04 00:05:00','CB',50.5),(945,54,3,'2019-02-05 19:46:00','CB',27),(946,136,4,'2019-01-07 16:40:00','Espece',40),(947,136,11,'2019-08-01 07:01:00','Espece',9),(948,132,10,'2019-04-11 05:13:00','Espece',41),(949,90,10,'2019-05-04 23:48:00','CB',39),(950,101,6,'2019-05-03 08:23:00','CB',16.5),(951,95,5,'2019-04-01 22:09:00','Espece',20),(952,99,9,'2019-11-02 13:15:00','Espece',40.5),(953,72,1,'2019-10-08 10:54:00','CB',9),(954,66,3,'2019-03-09 03:09:00','CB',24),(955,29,3,'2019-11-12 15:54:00','CB',14),(956,62,3,'2019-02-12 21:07:00','Espece',15),(957,139,5,'2019-12-12 10:15:00','Espece',59.5),(958,121,7,'2019-02-12 07:29:00','Espece',3),(959,0,4,'2019-04-11 04:10:00','CB',16.5),(960,66,9,'2019-04-10 01:16:00','CB',21.5),(961,142,6,'2019-10-07 00:16:00','Espece',40),(962,137,11,'2019-02-01 20:56:00','Espece',10.5),(963,92,8,'2019-09-10 09:47:00','CB',54),(964,39,4,'2019-10-09 23:47:00','CB',10),(965,67,10,'2019-07-10 16:47:00','Espece',33.5),(966,0,9,'2019-07-09 01:07:00','CB',40.5),(967,99,6,'2019-10-06 17:24:00','CB',63.5),(968,72,12,'2019-05-06 05:17:00','CB',22.5),(969,34,7,'2019-11-10 20:49:00','CB',28.5),(970,38,10,'2019-11-09 17:25:00','Espece',34.5),(971,128,3,'2019-06-01 07:19:00','Espece',20),(972,94,5,'2019-03-11 17:25:00','Espece',70),(973,0,6,'2019-08-11 12:55:00','CB',34.5),(974,107,6,'2019-09-08 15:55:00','Espece',18),(975,71,1,'2019-09-05 11:54:00','Espece',4),(976,49,6,'2019-10-06 00:52:00','CB',24),(977,24,6,'2019-11-04 23:26:00','Espece',33.5),(978,125,3,'2019-03-03 05:11:00','Espece',12.5),(979,24,2,'2019-03-12 04:24:00','CB',58),(980,92,1,'2019-06-06 00:22:00','Espece',52),(981,95,1,'2019-03-12 05:18:00','Espece',36.5),(982,0,2,'2019-03-12 02:10:00','CB',91),(983,62,4,'2019-09-01 20:10:00','Espece',38.5),(984,0,2,'2019-02-03 09:56:00','CB',10),(985,0,6,'2019-02-09 13:26:00','CB',29),(986,24,4,'2019-10-04 03:10:00','CB',62),(987,139,11,'2019-12-06 05:05:00','Espece',19),(988,0,12,'2019-07-11 14:10:00','CB',31.5),(989,82,1,'2019-05-12 17:32:00','Espece',22.5),(990,0,11,'2019-05-11 05:18:00','CB',36),(991,123,4,'2019-12-01 10:12:00','CB',23),(992,0,12,'2019-05-02 07:02:00','CB',23),(993,86,11,'2019-10-06 07:11:00','Espece',27),(994,125,5,'2019-05-03 18:42:00','Espece',45),(995,67,8,'2019-08-08 23:24:00','Espece',9),(996,148,10,'2019-07-10 14:53:00','Espece',41.5),(997,137,11,'2019-06-11 11:25:00','Espece',23),(998,121,1,'2019-06-06 03:35:00','CB',75.5),(999,0,12,'2019-10-08 19:06:00','CB',22.5),(1000,124,10,'2019-09-08 14:50:00','CB',4.5);
/*!40000 ALTER TABLE `Orders` ENABLE KEYS */;
UNLOCK TABLES;

--
-- Table structure for table `Orders_items`
--

DROP TABLE IF EXISTS `Orders_items`;
/*!40101 SET @saved_cs_client     = @@character_set_client */;
/*!40101 SET character_set_client = utf8 */;
CREATE TABLE `Orders_items` (
  `order_id` int(11) NOT NULL,
  `item_id` int(11) NOT NULL,
  `quantite` int(11) NOT NULL,
  UNIQUE KEY `order_id` (`order_id`,`item_id`),
  KEY `Orders_items_fk1` (`item_id`),
  CONSTRAINT `Orders_items_fk0` FOREIGN KEY (`order_id`) REFERENCES `Orders` (`id`) ON DELETE CASCADE,
  CONSTRAINT `Orders_items_fk1` FOREIGN KEY (`item_id`) REFERENCES `Items` (`id`) ON DELETE CASCADE
) ENGINE=InnoDB DEFAULT CHARSET=latin1;
/*!40101 SET character_set_client = @saved_cs_client */;

--
-- Dumping data for table `Orders_items`
--

LOCK TABLES `Orders_items` WRITE;
/*!40000 ALTER TABLE `Orders_items` DISABLE KEYS */;
INSERT INTO `Orders_items` VALUES (1,2,3),(1,6,3),(1,9,1),(2,2,1),(2,8,2),(2,9,2),(2,10,3),(2,12,2),(2,16,3),(3,8,3),(3,10,2),(3,11,3),(4,3,1),(4,5,1),(5,4,3),(5,6,2),(5,12,3),(5,13,3),(6,4,2),(6,5,1),(6,6,3),(6,9,1),(7,4,2),(7,6,2),(7,15,3),(7,17,3),(8,4,1),(9,1,3),(9,9,2),(9,15,3),(10,7,2),(11,4,3),(11,8,1),(11,16,1),(12,2,1),(12,3,2),(12,4,3),(12,5,3),(12,6,1),(12,7,3),(13,14,2),(13,16,1),(14,5,3),(14,15,3),(15,1,1),(15,5,1),(15,12,1),(15,16,2),(15,17,3),(16,16,1),(16,17,3),(17,5,1),(17,7,2),(17,8,3),(17,15,3),(17,17,2),(18,6,3),(19,2,1),(19,5,2),(19,7,1),(19,10,2),(19,13,1),(19,15,3),(20,2,3),(20,6,2),(20,8,1),(20,12,2),(20,13,3),(21,7,1),(21,8,1),(21,9,2),(21,12,3),(22,7,2),(22,8,1),(22,10,1),(22,11,3),(22,13,1),(22,16,2),(23,3,2),(24,9,2),(25,3,1),(25,5,1),(25,11,1),(25,17,2),(26,2,3),(26,3,3),(26,6,1),(26,11,1),(26,12,3),(26,16,1),(27,3,3),(27,7,1),(27,9,1),(27,13,2),(28,2,1),(28,11,3),(29,3,1),(29,10,2),(29,13,3),(29,14,3),(29,16,3),(30,2,3),(30,4,3),(30,9,1),(30,14,1),(31,9,2),(32,3,3),(32,5,2),(32,7,3),(32,9,2),(32,11,3),(32,16,3),(33,7,2),(33,9,1),(33,11,2),(33,13,3),(33,15,2),(33,16,1),(34,3,1),(35,6,1),(35,7,2),(35,10,2),(35,12,2),(35,16,3),(35,17,2),(36,2,3),(36,3,3),(36,5,2),(36,10,3),(37,6,3),(37,7,2),(37,10,1),(37,14,1),(37,15,3),(38,7,3),(38,10,1),(38,15,2),(39,3,3),(39,7,1),(39,9,1),(39,17,2),(40,4,2),(40,6,3),(40,8,2),(40,9,3),(40,13,3),(40,14,3),(41,3,2),(41,4,1),(41,5,3),(41,8,2),(41,10,2),(41,12,1),(42,12,3),(43,4,2),(43,7,2),(43,8,2),(43,9,2),(43,12,3),(43,13,3),(44,3,1),(44,5,1),(44,7,2),(44,9,3),(44,10,3),(44,13,1),(45,5,2),(45,15,1),(45,16,2),(45,17,2),(46,10,1),(47,2,2),(47,9,3),(48,2,3),(49,7,1),(49,9,2),(49,17,1),(50,1,2),(50,3,2),(50,8,3),(50,9,2),(50,15,3),(51,3,1),(51,11,2),(52,9,1),(52,17,3),(53,2,3),(53,4,2),(53,6,2),(53,12,3),(54,1,1),(54,7,2),(54,8,3),(54,15,2),(54,16,3),(55,1,1),(55,14,3),(56,15,3),(57,3,2),(57,4,1),(57,8,3),(57,11,3),(57,13,3),(57,14,2),(58,5,1),(58,8,2),(58,10,3),(58,16,2),(59,1,2),(59,2,2),(59,11,3),(59,13,3),(60,1,2),(60,4,2),(60,9,1),(60,10,1),(61,14,2),(61,15,2),(61,16,1),(62,1,3),(62,6,1),(62,7,3),(62,8,2),(62,10,2),(63,1,2),(63,7,2),(63,10,2),(63,15,2),(64,4,2),(64,5,1),(64,6,3),(64,9,2),(64,13,2),(64,14,3),(65,2,1),(65,10,3),(65,16,3),(65,17,2),(66,2,1),(66,3,1),(66,5,3),(66,11,2),(66,16,1),(66,17,2),(67,1,1),(67,3,1),(67,8,3),(67,10,2),(68,1,1),(68,9,1),(69,2,1),(69,4,1),(69,8,3),(69,14,3),(70,5,3),(70,7,2),(70,10,1),(70,11,2),(70,14,1),(70,16,2),(71,3,3),(71,7,3),(71,9,2),(71,12,3),(71,13,2),(71,14,2),(72,1,1),(72,2,3),(72,6,1),(72,13,1),(72,14,3),(72,15,1),(73,1,2),(73,4,1),(73,7,3),(73,12,1),(73,15,2),(74,2,2),(74,10,2),(74,16,2),(75,6,1),(75,9,2),(75,10,3),(75,14,3),(76,3,1),(76,5,1),(76,7,3),(76,14,3),(77,4,3),(77,7,1),(77,10,2),(78,1,2),(78,2,2),(78,4,3),(78,6,1),(78,9,1),(78,12,2),(79,2,1),(79,10,2),(79,16,2),(80,8,2),(80,9,2),(80,12,2),(81,3,3),(81,10,3),(81,11,1),(81,12,1),(81,13,3),(81,14,1),(82,2,3),(83,4,2),(83,6,3),(83,12,2),(83,15,1),(84,8,3),(84,11,1),(84,14,3),(84,15,1),(84,16,1),(85,1,3),(85,2,2),(85,6,1),(85,7,2),(86,7,2),(86,9,1),(86,12,3),(86,15,1),(87,4,3),(87,11,2),(87,13,1),(87,14,2),(87,16,3),(88,1,2),(88,3,3),(88,8,1),(89,3,3),(89,4,2),(89,8,3),(89,13,2),(90,2,3),(90,4,3),(90,10,1),(91,1,3),(91,4,1),(91,5,2),(91,13,1),(91,14,3),(92,6,1),(92,17,3),(93,2,2),(93,7,1),(93,9,1),(93,11,1),(93,13,2),(93,14,2),(94,2,1),(94,12,2),(95,5,2),(95,14,1),(96,4,3),(97,7,3),(97,16,3),(98,6,1),(98,8,2),(98,16,1),(99,10,1),(100,11,2),(100,13,1),(101,3,1),(101,4,1),(101,9,2),(101,13,2),(101,16,3),(102,2,3),(102,3,1),(102,10,2),(103,10,3),(104,1,1),(104,6,2),(104,10,2),(104,12,1),(104,14,2),(104,15,1),(105,7,1),(105,9,3),(105,10,1),(105,13,1),(105,16,1),(105,17,1),(106,2,1),(106,3,2),(106,13,2),(106,16,2),(107,5,2),(107,8,3),(107,9,1),(107,12,2),(107,16,2),(108,6,1),(108,11,1),(108,12,1),(108,14,3),(108,16,1),(109,11,2),(109,12,3),(110,3,3),(110,14,3),(110,16,2),(110,17,1),(111,2,1),(111,9,1),(112,6,1),(112,14,3),(113,5,1),(113,12,2),(113,13,1),(113,14,1),(113,16,1),(114,2,3),(114,4,3),(114,7,2),(114,9,1),(114,10,3),(115,13,2),(116,11,2),(116,16,1),(117,7,2),(117,9,3),(117,11,3),(117,12,3),(118,2,3),(118,3,3),(118,4,2),(118,7,1),(119,6,1),(119,7,2),(119,15,2),(119,16,1),(120,15,2),(121,2,3),(121,5,3),(121,12,1),(121,17,1),(122,14,3),(122,16,3),(123,6,1),(123,8,3),(124,8,1),(124,10,3),(124,12,3),(124,16,1),(125,1,3),(125,2,2),(125,5,3),(125,8,1),(125,10,2),(126,6,2),(127,3,1),(127,5,1),(127,7,1),(127,9,1),(128,4,3),(128,5,2),(128,7,1),(128,8,2),(128,10,2),(128,16,3),(129,14,2),(130,12,3),(131,3,1),(131,5,1),(131,16,1),(131,17,3),(132,15,3),(132,16,3),(133,1,3),(133,2,2),(133,5,1),(133,6,2),(133,13,1),(133,16,3),(134,5,2),(134,14,1),(134,17,1),(135,5,2),(136,1,3),(136,2,2),(136,6,2),(136,11,2),(136,13,1),(137,7,3),(138,15,3),(139,2,2),(139,5,1),(139,8,2),(139,9,1),(139,13,1),(139,17,3),(140,6,3),(140,8,2),(141,4,3),(141,5,1),(141,7,1),(141,9,3),(141,17,2),(142,8,3),(142,11,1),(142,13,3),(143,6,3),(143,7,2),(143,8,3),(143,9,1),(144,8,3),(144,17,1),(145,9,3),(145,12,2),(145,16,1),(145,17,3),(146,3,2),(146,7,2),(146,8,1),(146,12,2),(146,16,1),(147,2,1),(147,4,1),(148,2,1),(148,7,3),(148,10,3),(148,12,1),(149,3,1),(149,10,2),(150,2,1),(150,5,1),(150,8,3),(150,10,3),(150,14,3),(150,16,2),(151,6,2),(151,10,1),(151,12,3),(151,13,3),(151,15,3),(151,16,3),(152,1,2),(152,2,2),(152,6,2),(152,13,3),(152,14,2),(153,8,2),(154,2,2),(154,3,1),(154,5,2),(154,8,1),(154,17,1),(155,2,2),(155,4,2),(155,7,1),(155,8,3),(155,9,3),(155,14,1),(156,1,1),(156,5,2),(156,14,3),(156,15,2),(156,16,3),(156,17,2),(157,6,2),(157,10,2),(157,11,3),(158,4,1),(158,14,2),(158,15,3),(158,16,2),(159,7,2),(159,12,1),(160,2,2),(161,9,2),(161,14,3),(162,13,2),(162,14,2),(163,6,2),(163,11,3),(163,15,3),(163,16,2),(163,17,2),(164,6,3),(164,9,3),(164,10,1),(164,11,2),(164,13,1),(164,15,1),(165,1,2),(165,3,2),(166,5,3),(166,7,2),(166,8,1),(166,17,2),(167,7,2),(167,8,3),(167,10,3),(167,15,2),(168,1,3),(168,10,2),(168,12,2),(168,13,3),(169,2,3),(169,7,3),(169,8,1),(169,14,3),(169,17,2),(170,7,1),(170,15,2),(171,1,3),(171,8,1),(171,10,2),(171,11,2),(171,13,1),(172,1,1),(172,5,1),(172,6,1),(172,9,3),(173,11,3),(173,16,2),(174,4,2),(174,5,3),(174,17,1),(175,7,3),(175,11,3),(175,12,1),(175,14,2),(176,13,1),(177,2,1),(177,7,2),(177,8,1),(177,13,2),(178,7,1),(178,15,3),(179,5,3),(179,10,2),(179,13,3),(180,2,3),(180,3,2),(180,4,2),(180,6,2),(180,8,2),(181,1,3),(181,2,2),(181,3,2),(181,6,1),(182,1,1),(182,2,1),(182,7,1),(182,9,3),(182,15,1),(183,3,2),(183,6,1),(183,10,2),(183,11,2),(183,12,3),(184,1,2),(184,2,2),(184,11,2),(185,2,2),(185,4,1),(185,6,2),(185,12,1),(185,15,3),(186,4,1),(186,7,3),(186,9,1),(186,10,3),(186,12,2),(186,14,2),(187,1,2),(187,2,3),(187,3,2),(187,5,3),(187,9,2),(187,10,1),(188,6,2),(188,7,3),(188,13,1),(189,14,3),(190,1,3),(190,11,3),(190,13,2),(190,16,2),(191,2,2),(191,6,1),(191,8,1),(191,11,2),(191,16,2),(192,9,2),(192,11,1),(193,3,2),(193,6,3),(193,11,1),(194,7,3),(194,8,1),(194,9,2),(195,3,3),(195,5,3),(195,13,2),(195,14,1),(195,17,1),(196,12,3),(197,2,2),(197,7,1),(197,9,2),(197,13,1),(197,15,2),(198,3,3),(198,9,3),(198,16,3),(198,17,3),(199,2,2),(199,5,1),(199,7,3),(199,10,1),(199,16,2),(200,1,2),(200,2,2),(200,7,2),(200,13,2),(201,2,3),(201,3,1),(201,8,2),(201,10,3),(201,14,2),(201,17,1),(202,1,2),(202,4,2),(202,7,2),(202,9,3),(202,10,2),(203,13,1),(203,14,3),(203,16,2),(204,6,3),(204,11,2),(204,12,3),(204,14,2),(204,15,1),(204,17,3),(205,13,1),(206,9,1),(206,10,3),(206,13,2),(207,3,1),(207,13,2),(208,1,2),(208,2,1),(209,2,2),(209,3,1),(210,2,3),(210,8,2),(210,9,1),(210,10,1),(210,12,3),(210,13,1),(211,1,1),(211,5,1),(211,8,3),(211,12,3),(211,13,3),(212,2,3),(212,7,2),(213,9,2),(213,12,1),(213,15,1),(214,1,3),(214,7,3),(214,11,2),(214,14,3),(215,3,3),(215,6,1),(215,17,3),(216,2,2),(216,5,1),(216,7,1),(216,8,1),(216,9,3),(216,14,1),(217,2,3),(217,3,3),(217,16,2),(218,4,3),(218,7,1),(218,9,2),(218,11,1),(218,15,3),(218,16,1),(219,3,2),(220,11,2),(220,13,2),(220,17,1),(221,9,2),(221,10,2),(222,7,1),(222,11,1),(223,1,2),(223,2,3),(223,5,3),(223,7,1),(223,12,2),(223,14,1),(224,6,2),(224,10,3),(224,15,3),(225,7,2),(226,2,2),(226,5,2),(226,8,1),(226,12,3),(226,13,1),(226,16,2),(227,7,1),(227,9,3),(227,10,3),(227,11,1),(227,14,3),(227,17,2),(228,2,1),(228,4,1),(228,5,2),(228,12,2),(228,17,1),(229,13,1),(230,2,1),(230,6,1),(230,8,1),(230,10,2),(230,13,2),(231,10,1),(232,2,3),(232,5,3),(232,7,3),(232,10,3),(232,12,3),(233,3,1),(233,8,3),(233,9,1),(233,10,3),(233,15,3),(233,17,2),(234,2,3),(234,4,1),(234,6,3),(234,8,1),(234,11,3),(235,5,3),(235,7,3),(235,11,3),(235,12,3),(235,15,2),(235,17,3),(236,5,1),(236,7,2),(236,8,1),(236,17,2),(237,1,2),(237,3,1),(237,4,1),(237,14,1),(238,6,2),(239,2,3),(239,9,2),(239,10,2),(239,14,2),(240,5,1),(240,8,3),(240,9,2),(240,12,2),(241,5,3),(241,8,3),(241,9,3),(241,10,1),(241,12,1),(241,16,1),(242,2,2),(242,7,2),(242,8,3),(242,10,3),(242,13,2),(242,17,2),(243,5,1),(243,12,2),(243,13,2),(244,2,2),(245,2,3),(245,5,1),(245,9,3),(245,14,3),(246,1,3),(246,11,3),(246,15,2),(246,16,3),(247,2,3),(247,7,3),(247,9,1),(247,10,1),(247,11,1),(247,17,3),(248,1,1),(248,5,3),(248,6,1),(248,12,3),(248,17,1),(249,2,2),(249,12,3),(249,16,2),(250,7,1),(251,5,1),(252,1,3),(252,2,1),(252,5,2),(252,6,3),(252,9,3),(253,1,3),(253,5,3),(253,9,1),(253,10,2),(253,13,2),(253,15,3),(254,3,3),(254,4,1),(254,8,2),(254,9,3),(254,14,2),(255,4,3),(255,9,2),(255,14,2),(255,16,1),(256,3,1),(256,7,1),(256,9,1),(257,2,2),(257,4,1),(257,7,1),(257,10,2),(257,15,3),(258,2,3),(258,4,2),(258,5,1),(258,12,1),(258,16,3),(258,17,2),(259,2,3),(259,8,3),(259,10,3),(259,15,3),(259,16,3),(260,4,2),(261,11,3),(262,4,1),(262,5,2),(262,6,3),(262,11,3),(262,14,1),(262,15,2),(263,3,1),(263,10,1),(263,13,1),(264,2,3),(264,16,2),(265,1,3),(265,3,2),(265,6,2),(265,9,3),(265,15,1),(266,5,3),(266,7,2),(266,11,3),(266,15,2),(267,1,2),(267,2,3),(267,9,2),(267,13,3),(267,15,2),(268,1,2),(268,2,1),(268,7,1),(268,9,1),(268,12,1),(268,14,1),(269,4,3),(269,9,3),(270,5,1),(270,7,2),(270,8,2),(270,9,1),(270,13,1),(270,14,2),(271,4,3),(271,6,3),(271,9,3),(271,11,2),(271,12,1),(271,13,1),(272,1,2),(272,4,3),(272,8,3),(272,11,3),(272,12,1),(272,13,3),(273,6,2),(273,14,3),(274,3,2),(275,5,1),(275,9,3),(275,10,2),(276,13,3),(276,16,2),(277,2,2),(277,4,3),(277,7,1),(277,9,3),(277,12,3),(278,1,1),(278,6,2),(278,14,3),(278,15,2),(279,7,1),(279,9,3),(279,10,1),(279,13,2),(279,17,2),(280,4,2),(280,7,2),(280,11,3),(280,12,2),(280,15,1),(280,17,1),(281,4,3),(281,6,3),(281,10,2),(281,11,2),(281,14,3),(281,15,3),(282,8,2),(282,9,2),(282,11,1),(283,8,1),(283,11,3),(283,17,2),(284,11,3),(284,12,3),(284,15,3),(285,1,3),(285,6,2),(285,9,2),(285,10,1),(285,13,2),(286,6,1),(286,11,2),(287,8,3),(287,10,2),(288,8,3),(288,10,2),(289,2,1),(289,9,3),(290,3,1),(290,13,1),(291,1,3),(291,4,2),(291,6,2),(291,12,1),(291,13,2),(292,17,2),(293,4,3),(293,9,3),(293,11,2),(293,14,3),(294,1,2),(294,6,2),(294,7,2),(295,4,3),(295,5,2),(295,11,2),(295,14,2),(295,15,2),(296,3,1),(296,5,2),(296,10,1),(296,14,1),(296,15,1),(296,17,3),(297,2,1),(297,7,3),(297,11,2),(297,12,3),(297,16,3),(298,15,3),(298,16,2),(299,2,3),(299,5,2),(299,6,1),(299,9,3),(299,11,1),(300,11,3),(301,3,2),(301,4,2),(301,6,2),(301,7,2),(301,10,3),(301,16,1),(302,7,1),(302,12,3),(302,13,3),(303,3,3),(304,5,2),(304,14,1),(305,2,1),(305,6,3),(305,9,3),(306,10,1),(306,11,2),(306,12,1),(306,14,3),(307,2,1),(307,9,2),(307,10,1),(307,12,3),(307,15,1),(308,10,1),(308,11,1),(308,15,2),(309,1,2),(309,2,2),(309,4,2),(309,14,1),(309,15,2),(310,2,3),(310,9,1),(311,6,3),(311,7,2),(311,9,1),(311,12,3),(311,15,2),(312,6,1),(312,8,3),(313,6,2),(313,7,3),(313,8,3),(313,10,1),(313,12,3),(314,1,2),(314,7,1),(314,9,3),(314,13,3),(314,15,1),(314,16,2),(315,3,1),(315,4,1),(315,13,1),(315,16,3),(316,3,1),(316,5,3),(316,9,3),(316,14,2),(316,17,2),(317,7,2),(317,9,3),(318,17,1),(319,6,2),(319,7,2),(319,9,3),(320,2,3),(320,3,2),(320,8,3),(320,9,1),(320,12,3),(320,14,2),(321,11,2),(322,6,1),(322,12,1),(322,13,1),(322,17,3),(323,11,1),(323,13,1),(324,5,3),(324,8,1),(324,10,3),(324,11,3),(325,3,1),(325,8,1),(325,10,3),(325,13,2),(326,5,2),(326,16,3),(327,4,1),(327,8,3),(327,9,2),(327,11,2),(327,13,1),(327,14,1),(328,5,2),(328,6,2),(328,10,3),(329,1,3),(329,4,3),(329,7,2),(329,12,3),(330,3,2),(330,6,3),(331,6,3),(331,11,3),(331,14,3),(331,15,3),(332,2,1),(332,3,2),(332,5,1),(332,10,2),(332,12,2),(332,16,1),(333,8,3),(333,11,2),(333,12,2),(333,13,1),(333,15,3),(333,16,2),(334,2,3),(334,4,1),(334,5,3),(334,9,2),(334,17,1),(335,8,1),(336,11,2),(336,13,3),(337,4,3),(337,7,2),(337,9,2),(338,3,1),(338,4,2),(338,7,2),(338,13,2),(339,1,3),(339,4,3),(339,6,3),(339,12,1),(339,13,1),(339,15,2),(340,6,2),(340,10,3),(341,7,2),(341,8,2),(342,1,2),(342,2,2),(342,6,2),(342,9,1),(342,10,3),(342,11,2),(343,1,2),(343,8,3),(343,11,3),(343,12,3),(343,14,3),(343,15,3),(344,2,1),(344,3,3),(344,7,2),(344,11,3),(344,13,2),(344,17,3),(345,3,3),(345,5,2),(345,11,3),(345,12,2),(345,14,2),(346,9,2),(347,3,3),(348,7,2),(348,9,3),(348,10,2),(348,14,2),(348,15,3),(349,6,3),(349,7,1),(349,10,3),(350,5,3),(350,6,3),(350,8,3),(350,14,2),(350,15,1),(350,16,3),(351,4,2),(351,11,2),(351,13,1),(352,4,3),(352,6,3),(352,7,3),(352,9,1),(352,13,3),(353,1,2),(353,13,1),(353,15,3),(354,4,2),(354,8,2),(354,9,3),(355,9,2),(355,10,3),(355,12,2),(355,13,1),(355,14,2),(355,17,2),(356,17,3),(357,3,2),(357,7,3),(357,10,1),(357,11,2),(358,3,2),(358,9,2),(358,10,2),(358,11,3),(358,13,2),(358,17,2),(359,3,3),(359,6,2),(359,8,2),(359,11,2),(360,17,1),(361,2,2),(361,15,3),(362,4,3),(363,5,1),(363,12,1),(363,14,3),(363,16,3),(364,10,2),(364,11,3),(364,13,2),(365,6,2),(365,8,1),(366,3,1),(367,5,2),(367,7,3),(367,12,3),(368,1,3),(368,12,2),(368,13,3),(368,15,1),(368,17,2),(369,7,3),(369,12,3),(369,17,1),(370,3,2),(370,5,1),(370,7,3),(370,9,2),(370,13,1),(371,2,1),(372,1,2),(372,10,1),(372,13,1),(372,15,2),(373,12,1),(374,12,2),(375,5,1),(375,10,3),(376,1,2),(376,2,3),(376,6,3),(376,7,1),(376,13,2),(377,1,1),(377,9,1),(377,11,1),(377,12,1),(377,15,3),(378,10,3),(378,15,1),(379,3,1),(379,7,2),(379,12,3),(380,5,3),(380,14,2),(381,4,2),(381,13,3),(381,15,1),(382,2,3),(382,5,1),(382,9,2),(382,12,1),(382,13,2),(382,15,3),(383,3,3),(383,7,1),(383,11,1),(383,14,1),(383,16,2),(384,1,2),(384,3,3),(384,4,1),(384,7,1),(384,8,2),(384,16,2),(385,5,2),(385,7,2),(385,12,2),(385,14,1),(385,16,3),(386,3,3),(386,12,2),(386,13,2),(387,3,3),(387,8,2),(387,12,3),(387,15,3),(387,16,2),(388,2,2),(388,4,3),(388,13,2),(389,1,2),(389,5,2),(389,11,1),(389,14,1),(389,15,3),(389,16,2),(390,1,1),(390,2,3),(390,3,2),(390,10,1),(390,13,1),(390,17,3),(391,7,2),(392,2,1),(392,3,3),(392,8,3),(392,9,1),(392,11,3),(392,12,3),(393,1,3),(393,2,3),(393,8,2),(393,10,3),(393,11,2),(393,15,3),(394,2,2),(394,3,2),(395,4,1),(395,6,3),(395,15,3),(396,2,3),(396,9,1),(397,3,1),(398,7,1),(398,8,3),(398,10,3),(398,11,1),(398,17,1),(399,2,3),(399,6,1),(399,7,1),(399,8,2),(399,12,3),(399,13,3),(400,10,3),(400,17,2),(401,2,1),(401,3,3),(401,11,2),(401,13,3),(401,14,1),(401,17,3),(402,4,1),(402,16,2),(402,17,2),(403,10,2),(403,14,2),(403,15,1),(403,17,2),(404,2,2),(404,10,1),(405,2,1),(405,11,3),(405,12,1),(406,13,1),(407,7,1),(407,8,3),(407,11,3),(407,13,2),(407,16,3),(408,12,2),(409,6,1),(409,7,1),(409,13,2),(409,15,1),(410,2,1),(410,3,3),(410,9,2),(410,10,1),(410,11,3),(410,17,1),(411,11,2),(411,15,2),(412,8,3),(413,13,1),(413,17,3),(414,5,3),(414,7,1),(415,8,1),(415,11,1),(415,13,1),(415,17,2),(416,1,3),(416,7,1),(416,9,1),(416,12,3),(416,14,2),(416,15,3),(417,5,1),(418,7,3),(418,9,1),(419,7,2),(420,3,3),(420,4,2),(420,6,1),(420,7,1),(420,9,2),(420,17,3),(421,2,2),(421,4,2),(421,6,3),(421,13,1),(421,14,1),(422,1,2),(422,2,2),(422,9,3),(422,10,1),(422,12,2),(422,13,2),(423,10,3),(423,15,1),(424,2,3),(424,3,2),(424,4,2),(424,8,3),(424,12,2),(425,4,2),(425,10,2),(426,2,3),(426,3,2),(426,5,2),(426,9,1),(426,15,3),(426,16,1),(427,2,3),(427,7,2),(427,8,2),(427,13,1),(427,16,2),(428,2,2),(428,9,3),(428,10,1),(428,12,2),(428,14,3),(429,9,1),(429,11,2),(430,13,3),(430,14,2),(431,1,3),(431,13,1),(431,16,1),(432,2,3),(432,7,1),(432,11,3),(432,12,1),(432,13,3),(433,4,2),(433,8,1),(433,9,1),(433,13,1),(434,5,1),(434,9,3),(434,13,2),(434,17,1),(435,2,3),(435,5,3),(435,7,3),(435,9,3),(435,11,1),(435,14,3),(436,4,2),(436,6,1),(436,7,2),(436,12,1),(436,14,3),(436,15,1),(437,2,3),(437,5,2),(437,9,3),(438,7,2),(438,8,1),(438,11,2),(438,12,2),(438,13,3),(439,3,3),(439,10,3),(439,12,3),(439,13,2),(439,17,3),(440,2,2),(440,4,1),(440,5,3),(440,7,1),(440,8,3),(440,11,1),(441,2,2),(441,3,3),(441,6,2),(441,9,3),(441,12,2),(441,16,1),(442,9,3),(442,10,2),(442,11,3),(442,12,3),(442,13,1),(442,14,3),(443,8,2),(443,13,1),(444,1,1),(444,2,1),(444,6,3),(444,12,1),(444,13,1),(445,8,1),(445,11,3),(445,14,1),(445,17,1),(446,3,2),(447,2,1),(447,4,3),(447,6,2),(447,9,1),(447,11,3),(447,13,2),(448,2,3),(448,4,1),(448,5,3),(448,6,3),(448,11,3),(448,13,1),(449,1,2),(449,2,2),(449,3,3),(449,5,3),(449,16,1),(450,6,2),(450,8,1),(450,11,1),(451,3,2),(451,14,2),(452,2,1),(452,5,2),(452,8,3),(452,10,3),(452,13,3),(453,11,1),(454,8,1),(454,15,2),(455,5,1),(455,16,1),(456,3,1),(456,5,2),(456,13,3),(457,1,1),(457,11,1),(457,12,2),(458,5,3),(459,1,1),(459,11,3),(459,12,3),(459,15,1),(460,8,2),(460,9,1),(460,11,3),(460,13,2),(460,14,2),(460,16,2),(461,4,3),(461,12,3),(461,13,3),(461,14,2),(462,7,3),(462,8,3),(463,1,1),(463,8,1),(463,9,1),(463,10,3),(463,11,1),(463,14,1),(464,1,1),(464,5,1),(464,14,3),(465,5,3),(465,8,1),(465,11,3),(465,12,3),(465,16,1),(466,8,3),(466,9,1),(466,11,1),(466,12,1),(466,13,2),(466,15,1),(467,12,2),(468,9,2),(468,12,1),(469,5,2),(469,14,3),(469,16,1),(470,2,1),(471,9,2),(472,6,2),(472,12,2),(472,15,3),(473,9,3),(473,12,1),(474,8,3),(475,14,3),(476,1,1),(476,13,3),(477,15,2),(478,2,1),(478,4,1),(479,6,1),(479,9,1),(479,11,3),(479,14,2),(479,15,1),(480,4,2),(480,9,2),(480,10,2),(480,12,3),(480,13,3),(480,14,3),(481,13,2),(481,17,3),(482,2,2),(483,4,3),(483,10,1),(484,5,3),(484,7,3),(484,8,1),(484,16,1),(485,2,1),(485,3,3),(485,7,2),(485,8,3),(485,10,1),(485,16,1),(486,1,1),(486,3,3),(486,12,3),(486,13,3),(486,17,2),(487,4,1),(487,7,2),(487,9,1),(488,1,3),(488,11,3),(488,12,1),(489,9,3),(489,12,1),(490,4,2),(490,7,3),(490,9,3),(490,14,2),(490,15,3),(491,4,3),(491,6,2),(491,14,1),(492,2,2),(492,3,1),(492,7,3),(492,11,2),(492,12,1),(492,14,1),(493,17,1),(494,1,1),(494,5,1),(495,2,3),(495,11,2),(495,14,2),(495,16,1),(496,5,1),(496,7,2),(496,9,1),(496,14,3),(497,9,2),(497,10,2),(497,12,1),(497,16,2),(497,17,3),(498,1,1),(498,8,1),(498,9,3),(499,7,3),(499,8,3),(499,9,2),(499,13,3),(499,14,2),(499,16,3),(500,1,1),(500,5,2),(500,6,2),(500,9,3),(500,12,2),(500,15,2),(501,1,3),(501,7,2),(501,11,3),(502,6,2),(502,8,1),(502,12,1),(502,15,1),(503,3,1),(503,7,2),(503,8,3),(503,10,1),(503,15,1),(503,16,3),(504,9,1),(505,5,2),(505,7,1),(505,9,1),(505,13,1),(506,14,3),(507,3,1),(507,11,1),(508,3,1),(508,7,2),(508,8,2),(508,9,2),(509,3,1),(509,5,1),(509,7,3),(509,9,3),(509,10,3),(509,16,3),(510,2,3),(510,3,2),(510,5,2),(510,12,3),(510,14,3),(510,16,1),(511,1,2),(511,12,1),(512,17,2),(513,1,3),(513,9,2),(514,4,1),(514,6,2),(514,7,1),(514,9,1),(514,11,1),(515,3,2),(515,4,1),(515,15,3),(515,17,2),(516,14,1),(516,15,1),(517,1,1),(517,3,2),(517,7,1),(517,8,1),(517,9,2),(517,14,2),(518,13,2),(518,15,3),(519,5,1),(519,7,1),(519,12,3),(519,15,1),(519,16,2),(520,5,2),(520,17,1),(521,7,2),(521,9,2),(521,10,3),(522,13,3),(523,5,2),(523,8,3),(523,15,3),(523,16,2),(524,8,3),(524,12,1),(525,3,3),(525,9,2),(525,11,3),(525,13,3),(525,16,3),(525,17,2),(526,3,1),(526,8,3),(527,8,2),(527,11,1),(527,14,3),(527,15,2),(528,1,1),(528,4,3),(528,6,3),(528,7,1),(528,14,2),(529,2,1),(529,8,1),(529,11,2),(529,12,1),(529,16,3),(529,17,3),(530,9,3),(531,1,1),(531,7,3),(531,10,1),(531,11,3),(532,2,1),(532,5,2),(532,10,2),(532,15,1),(532,16,1),(533,2,3),(533,3,2),(533,9,1),(533,14,1),(533,17,3),(534,12,1),(534,14,1),(534,16,1),(535,1,2),(535,2,3),(535,3,1),(535,5,3),(535,14,3),(536,15,3),(537,1,1),(537,6,1),(537,15,2),(538,3,2),(538,17,3),(539,9,1),(539,10,2),(540,3,2),(540,4,1),(541,5,1),(541,7,2),(541,8,1),(541,9,2),(541,11,1),(542,2,2),(542,3,1),(542,10,1),(542,12,3),(542,14,3),(542,17,3),(543,3,3),(543,5,2),(543,11,3),(543,12,3),(543,17,1),(544,9,3),(544,11,3),(544,13,3),(544,14,1),(545,9,1),(546,2,2),(546,7,1),(546,8,2),(546,12,3),(547,7,3),(547,14,1),(547,16,3),(548,4,1),(548,6,1),(548,9,2),(548,10,1),(548,14,2),(548,15,1),(549,6,1),(549,9,1),(549,15,1),(549,16,2),(550,3,2),(550,5,3),(550,10,2),(550,11,2),(550,14,3),(550,16,1),(551,2,3),(551,8,2),(551,10,2),(551,16,1),(552,2,2),(552,7,2),(553,2,3),(553,15,2),(553,17,1),(554,3,1),(554,5,1),(554,8,1),(554,12,1),(554,16,2),(554,17,1),(555,3,2),(555,9,3),(555,12,3),(556,7,2),(556,10,3),(556,11,3),(556,13,2),(556,16,3),(557,1,3),(557,2,1),(557,4,2),(557,13,2),(557,14,2),(557,15,1),(558,2,1),(558,4,1),(558,11,2),(558,13,3),(558,15,2),(559,9,1),(560,2,1),(560,7,3),(560,12,1),(561,4,3),(561,6,2),(561,9,2),(561,13,2),(561,14,3),(561,15,3),(562,2,2),(562,9,1),(562,11,3),(563,12,3),(564,3,2),(564,5,1),(564,14,2),(564,16,2),(564,17,3),(565,5,2),(565,7,3),(565,11,1),(565,13,3),(566,10,3),(566,11,1),(567,5,2),(567,9,3),(567,14,2),(568,9,1),(568,12,2),(568,16,1),(569,2,1),(569,7,1),(569,8,3),(570,4,1),(570,7,3),(570,11,3),(570,15,2),(571,4,2),(571,6,2),(571,8,3),(571,11,3),(571,15,2),(572,1,1),(572,2,1),(572,6,2),(572,10,2),(572,13,3),(573,12,3),(573,14,3),(573,17,1),(574,4,3),(574,10,2),(574,14,1),(574,15,3),(574,17,1),(575,1,3),(575,3,2),(575,4,2),(575,5,2),(576,2,3),(576,3,2),(576,5,1),(576,9,3),(576,14,2),(576,17,1),(577,5,1),(577,7,2),(577,14,1),(578,8,2),(578,17,1),(579,3,2),(579,4,3),(579,8,1),(579,9,1),(579,16,2),(580,1,1),(580,6,2),(580,8,3),(580,10,3),(580,11,2),(580,12,3),(581,6,1),(581,7,3),(581,9,1),(581,12,2),(581,14,3),(581,15,2),(582,10,1),(582,17,1),(583,14,1),(584,2,2),(584,11,1),(584,12,2),(585,2,1),(585,9,3),(586,1,3),(586,3,3),(586,8,2),(586,16,3),(587,4,1),(587,7,3),(587,9,3),(587,10,3),(587,13,2),(588,9,1),(588,11,3),(588,12,2),(588,14,1),(589,5,1),(589,11,1),(589,14,1),(589,16,2),(590,5,1),(590,12,1),(590,17,3),(591,1,2),(591,4,3),(591,7,3),(591,11,2),(591,13,2),(591,15,3),(592,2,2),(593,5,1),(593,7,3),(593,10,1),(594,1,2),(594,7,1),(594,9,3),(594,11,3),(594,16,3),(594,17,1),(595,10,1),(595,11,2),(596,2,1),(596,4,1),(596,7,3),(596,10,1),(596,14,1),(597,1,1),(597,3,2),(597,6,1),(597,14,2),(597,16,3),(598,2,1),(598,5,3),(598,6,2),(598,13,3),(598,14,2),(598,16,3),(599,6,2),(599,7,3),(599,8,1),(599,10,1),(599,15,2),(600,2,2),(600,6,2),(601,3,2),(601,7,1),(601,9,2),(601,14,2),(602,16,2),(603,6,3),(603,7,3),(603,9,2),(603,12,2),(603,15,3),(603,16,2),(604,10,1),(604,11,2),(604,12,2),(604,14,1),(604,16,1),(604,17,3),(605,2,3),(605,6,1),(605,7,3),(605,8,2),(605,10,1),(605,13,3),(606,8,1),(606,10,3),(607,6,3),(607,7,3),(607,8,2),(607,10,3),(607,12,1),(607,13,1),(608,3,2),(608,7,2),(608,9,2),(608,10,3),(608,14,3),(609,14,3),(610,3,3),(610,5,1),(610,9,3),(610,10,1),(610,11,2),(611,2,3),(611,3,3),(611,10,1),(612,8,2),(612,10,3),(612,11,1),(612,12,1),(612,14,3),(613,1,2),(613,6,3),(613,11,3),(613,13,3),(613,15,2),(614,2,1),(614,5,2),(615,3,1),(615,9,1),(616,5,3),(616,17,1),(617,2,1),(617,3,2),(617,7,1),(617,17,3),(618,1,3),(618,3,3),(618,4,2),(618,11,1),(618,12,1),(618,15,3),(619,1,2),(619,5,2),(619,9,1),(619,14,2),(620,13,1),(620,14,2),(621,2,1),(621,9,3),(621,15,2),(622,3,1),(622,5,2),(622,8,2),(622,9,1),(622,11,1),(622,13,2),(623,10,1),(623,12,3),(623,13,2),(623,14,3),(623,15,2),(624,7,3),(624,8,3),(624,14,1),(624,15,2),(624,16,3),(624,17,2),(625,6,2),(625,8,2),(625,9,3),(625,11,1),(625,13,3),(625,16,2),(626,5,3),(626,8,3),(626,10,1),(626,16,3),(626,17,1),(627,4,1),(627,7,1),(627,8,1),(627,9,2),(627,12,3),(627,15,2),(628,12,1),(629,9,3),(629,16,3),(630,2,2),(630,7,2),(630,10,1),(630,11,3),(630,15,1),(630,16,2),(631,1,2),(631,7,2),(631,10,2),(631,11,3),(631,15,3),(632,1,1),(632,4,3),(632,10,1),(632,12,2),(633,12,1),(634,7,3),(634,11,1),(634,13,3),(634,17,3),(635,1,1),(635,2,2),(635,6,1),(635,10,2),(635,13,3),(635,14,3),(636,3,1),(636,5,3),(636,8,3),(636,9,1),(636,10,3),(637,2,1),(637,10,2),(637,12,2),(637,14,1),(638,2,2),(638,5,2),(638,8,2),(638,13,1),(638,14,3),(639,2,1),(639,4,1),(639,9,3),(639,13,3),(639,15,2),(640,5,1),(641,1,2),(641,4,3),(641,8,3),(641,9,2),(641,16,2),(641,17,1),(642,2,2),(642,3,2),(642,7,1),(642,11,1),(642,13,1),(642,16,2),(643,7,3),(643,9,3),(643,10,1),(643,11,1),(643,12,3),(643,13,3),(644,12,3),(644,13,2),(644,17,1),(645,3,2),(645,17,3),(646,5,2),(646,7,3),(646,9,1),(646,13,2),(646,15,3),(647,10,3),(647,17,1),(648,6,2),(648,7,2),(649,7,3),(650,2,1),(650,17,3),(651,1,2),(652,14,2),(653,7,3),(653,11,2),(653,15,3),(653,16,1),(654,1,3),(654,2,1),(654,4,2),(654,6,2),(654,15,1),(655,2,3),(655,10,2),(655,14,3),(656,3,3),(656,8,3),(656,9,1),(656,12,2),(656,15,1),(657,12,2),(658,5,3),(658,13,1),(658,15,1),(659,3,1),(659,4,2),(659,5,1),(659,11,3),(660,1,3),(660,2,2),(660,7,3),(660,10,3),(660,11,1),(660,15,3),(661,7,3),(661,9,2),(661,13,3),(661,17,1),(662,7,2),(662,12,1),(662,17,3),(663,1,3),(663,5,3),(663,11,1),(664,3,1),(664,9,2),(664,10,3),(664,13,3),(665,3,1),(666,1,3),(666,7,3),(666,8,2),(666,10,1),(666,14,3),(667,2,3),(667,5,3),(667,6,2),(667,7,3),(667,10,1),(667,13,2),(668,1,3),(668,6,3),(668,7,3),(668,8,3),(668,11,2),(669,8,2),(669,13,1),(670,5,1),(671,6,1),(671,7,3),(671,10,3),(672,2,1),(672,4,3),(672,6,3),(672,7,3),(672,9,1),(672,14,1),(673,1,1),(674,2,2),(674,6,3),(674,13,3),(675,4,1),(675,13,2),(676,4,1),(676,7,1),(676,11,3),(676,13,2),(677,4,1),(677,8,3),(678,4,2),(678,8,1),(678,11,1),(678,15,2),(679,6,3),(679,7,3),(679,16,2),(680,9,1),(680,11,3),(680,13,1),(681,3,2),(681,8,2),(681,12,3),(681,15,2),(681,16,3),(682,1,2),(682,6,3),(682,8,3),(682,10,1),(682,13,2),(683,1,3),(683,3,2),(683,10,3),(683,15,1),(684,3,2),(684,11,2),(685,5,3),(685,7,2),(685,14,3),(685,15,3),(685,16,3),(685,17,1),(686,16,1),(687,1,1),(687,6,3),(687,10,2),(687,14,1),(687,15,2),(688,1,3),(688,5,1),(688,14,2),(689,4,3),(689,7,3),(689,9,1),(689,10,2),(689,14,1),(690,1,3),(690,2,1),(690,8,1),(690,10,1),(690,12,3),(690,13,2),(691,4,3),(691,9,1),(691,11,2),(691,12,3),(691,13,3),(691,14,2),(692,4,2),(692,5,3),(692,7,3),(692,12,1),(693,3,3),(693,5,1),(693,7,1),(693,11,2),(693,17,3),(694,3,2),(695,4,2),(696,2,2),(696,12,1),(697,5,1),(697,7,3),(697,8,3),(697,9,2),(697,11,2),(697,17,3),(698,3,1),(698,5,1),(698,8,3),(698,9,1),(698,12,1),(698,13,2),(699,5,1),(699,12,3),(699,17,3),(700,8,2),(701,2,2),(701,10,3),(701,16,1),(702,4,3),(702,6,3),(702,9,1),(702,10,2),(702,12,1),(703,8,2),(703,10,1),(703,13,1),(703,14,1),(703,15,2),(703,16,1),(704,6,2),(705,1,1),(705,3,1),(705,10,1),(705,11,3),(705,12,1),(705,13,2),(706,13,3),(706,16,2),(707,9,2),(707,10,3),(707,12,3),(707,14,3),(708,2,2),(708,4,3),(708,7,3),(708,8,1),(708,12,3),(708,14,2),(709,1,1),(709,8,2),(709,10,3),(709,13,3),(709,16,3),(709,17,3),(710,1,1),(710,11,1),(710,16,3),(711,10,2),(711,13,3),(712,6,3),(712,7,2),(712,13,1),(712,15,1),(712,16,2),(712,17,3),(713,1,1),(713,6,2),(713,10,1),(713,14,3),(714,3,1),(714,6,2),(714,11,3),(715,8,2),(715,10,3),(715,11,1),(715,12,1),(716,3,2),(716,10,1),(716,11,3),(716,15,3),(717,10,2),(718,3,1),(718,7,1),(718,8,3),(718,11,2),(718,16,1),(719,2,3),(719,3,1),(719,5,1),(719,11,3),(719,12,3),(720,15,1),(721,3,3),(721,6,3),(721,7,2),(721,8,2),(721,10,3),(721,14,2),(722,8,2),(723,3,1),(723,5,1),(723,6,3),(723,16,1),(724,4,2),(724,7,3),(724,10,3),(724,16,3),(724,17,3),(725,1,1),(725,2,2),(725,7,1),(725,10,1),(725,11,3),(726,2,3),(726,6,2),(726,9,1),(726,14,1),(727,2,1),(727,9,3),(727,16,2),(728,1,1),(729,5,2),(729,9,1),(730,2,2),(730,8,1),(730,14,3),(731,10,3),(732,1,3),(732,6,3),(732,8,3),(732,10,2),(732,13,1),(733,2,1),(733,14,3),(734,1,2),(734,5,2),(734,9,2),(734,13,2),(734,14,2),(735,4,1),(735,11,2),(735,13,2),(736,2,2),(736,5,3),(736,6,2),(736,7,3),(736,17,2),(737,3,3),(737,7,2),(737,8,3),(737,12,3),(737,15,3),(737,17,2),(738,9,2),(739,3,3),(739,5,1),(739,7,2),(739,12,3),(740,1,1),(740,3,3),(740,8,2),(740,10,1),(740,13,1),(740,16,2),(741,7,3),(741,11,2),(741,13,1),(741,16,3),(742,9,2),(742,11,1),(743,9,1),(744,3,3),(744,8,3),(744,9,2),(744,10,3),(744,11,3),(744,13,2),(745,11,3),(746,4,3),(746,8,1),(746,9,2),(746,12,1),(746,13,3),(746,14,2),(747,2,2),(747,12,2),(747,13,3),(747,17,1),(748,6,3),(748,10,2),(748,12,3),(748,14,2),(749,2,1),(749,8,1),(749,14,1),(750,2,1),(750,5,1),(750,8,1),(750,10,3),(750,11,3),(750,13,3),(751,2,2),(751,3,2),(751,4,2),(751,10,1),(751,16,2),(752,13,3),(753,1,3),(753,4,3),(753,10,2),(753,15,2),(754,8,3),(754,11,2),(754,13,2),(755,13,3),(755,17,2),(756,2,2),(756,4,2),(756,6,1),(757,7,1),(757,8,1),(757,10,1),(757,11,1),(757,14,1),(757,17,3),(758,2,3),(758,8,1),(758,13,2),(759,2,2),(759,3,2),(759,5,3),(759,11,2),(759,14,2),(759,16,3),(760,8,2),(761,3,2),(761,12,3),(761,15,3),(762,16,3),(763,6,3),(763,11,3),(763,14,2),(763,15,2),(763,16,3),(764,16,2),(765,8,1),(765,11,1),(765,14,3),(765,15,1),(765,16,2),(765,17,3),(766,1,1),(766,4,3),(766,9,2),(767,13,3),(767,14,3),(767,16,3),(768,3,2),(768,4,3),(768,8,1),(769,2,1),(769,3,2),(769,7,1),(769,10,1),(769,12,1),(770,1,1),(770,4,2),(770,7,3),(770,11,2),(770,17,1),(771,2,1),(771,7,2),(771,9,1),(771,11,3),(772,1,1),(772,7,1),(773,1,2),(773,7,3),(773,8,1),(773,9,2),(773,17,2),(774,7,1),(774,12,3),(774,14,1),(774,15,3),(774,17,2),(775,4,3),(775,6,3),(775,15,3),(776,9,2),(776,13,2),(776,17,1),(777,16,3),(778,9,1),(778,10,1),(778,11,2),(778,12,2),(778,13,2),(778,17,2),(779,5,2),(779,9,3),(780,5,1),(780,6,3),(780,8,1),(780,10,1),(781,5,3),(781,13,2),(782,2,3),(782,9,1),(782,17,3),(783,2,2),(783,10,1),(783,13,2),(784,3,2),(784,8,1),(784,12,2),(785,10,3),(785,14,1),(786,3,3),(786,4,3),(786,6,3),(786,10,2),(786,14,3),(787,2,2),(787,4,1),(787,6,3),(787,7,2),(787,10,1),(787,14,1),(788,2,3),(788,6,1),(788,11,3),(788,12,2),(789,1,3),(789,2,2),(789,5,3),(789,10,2),(789,17,1),(790,6,1),(790,8,3),(790,12,1),(790,13,3),(790,15,1),(791,8,1),(791,9,3),(791,12,3),(792,11,2),(792,17,2),(793,4,1),(793,6,1),(793,7,2),(794,2,2),(794,7,2),(794,8,2),(794,14,2),(795,2,3),(795,5,2),(795,8,3),(795,14,1),(795,15,3),(795,17,3),(796,6,3),(796,10,1),(796,15,3),(797,1,1),(797,4,3),(797,5,1),(797,7,1),(797,9,2),(797,11,2),(798,2,1),(798,3,2),(798,8,1),(798,9,3),(798,11,2),(798,14,3),(799,1,2),(799,5,1),(799,9,3),(800,3,2),(800,8,2),(800,12,2),(801,1,3),(801,3,2),(801,6,3),(801,12,1),(802,2,3),(802,4,2),(802,6,2),(802,12,2),(803,1,2),(803,2,1),(803,6,3),(803,7,3),(803,15,2),(804,3,1),(804,10,3),(804,13,1),(804,16,1),(804,17,3),(805,2,3),(805,5,1),(805,7,2),(805,12,1),(805,14,3),(805,16,2),(806,1,3),(806,7,2),(806,13,1),(806,16,2),(807,4,3),(807,7,3),(807,11,1),(807,14,2),(808,1,2),(808,3,3),(808,6,2),(808,8,2),(808,9,3),(808,13,2),(809,1,3),(809,7,3),(809,10,1),(809,11,2),(809,16,3),(810,3,1),(811,6,3),(811,13,1),(812,16,3),(813,14,2),(813,16,2),(814,2,2),(814,7,1),(814,8,2),(814,11,3),(814,13,2),(815,4,3),(815,9,2),(815,10,2),(815,11,3),(815,14,2),(816,6,1),(816,15,1),(817,7,3),(817,15,1),(818,9,2),(819,8,1),(819,12,3),(819,14,1),(820,3,2),(820,8,1),(820,11,3),(820,14,1),(820,16,1),(821,2,1),(821,5,1),(821,14,3),(822,1,2),(822,17,2),(823,6,2),(823,7,3),(823,11,1),(823,14,3),(824,4,2),(825,3,1),(825,9,2),(825,13,1),(825,16,3),(825,17,3),(826,2,1),(826,8,2),(826,12,2),(827,7,3),(827,8,2),(827,9,2),(827,11,1),(827,12,2),(827,17,3),(828,9,1),(828,10,3),(828,16,2),(829,7,1),(830,3,1),(830,5,1),(830,7,1),(830,10,1),(830,12,2),(830,17,3),(831,8,3),(831,9,1),(831,11,1),(831,14,1),(832,11,1),(832,14,2),(833,5,3),(833,9,1),(833,13,3),(833,16,3),(834,8,3),(834,13,3),(834,17,1),(835,4,2),(836,5,2),(836,10,1),(836,14,2),(836,17,3),(837,4,3),(837,10,1),(838,1,1),(839,3,1),(839,5,1),(839,7,1),(839,10,3),(839,12,1),(840,1,1),(840,2,3),(840,4,1),(840,6,1),(840,12,1),(840,15,1),(841,3,3),(841,4,2),(841,5,3),(841,6,2),(841,17,2),(842,2,3),(842,6,1),(842,8,1),(842,9,1),(842,10,1),(843,2,1),(844,3,2),(844,8,2),(844,9,3),(844,12,1),(844,13,3),(844,16,1),(845,4,1),(845,6,2),(845,14,1),(845,15,1),(846,5,1),(846,15,2),(846,16,2),(847,3,3),(847,6,3),(847,8,1),(847,14,3),(848,1,2),(848,4,3),(848,12,2),(849,3,1),(849,4,3),(849,6,3),(849,8,3),(849,10,1),(849,12,3),(850,5,2),(850,7,1),(850,11,2),(850,14,1),(850,16,2),(850,17,2),(851,5,3),(851,10,1),(852,4,1),(852,11,1),(852,13,3),(853,8,1),(853,10,3),(853,14,2),(853,16,2),(854,2,2),(854,4,3),(854,7,2),(854,13,2),(854,15,1),(855,1,3),(856,8,2),(856,10,2),(857,1,2),(857,3,2),(857,5,1),(857,10,1),(857,12,3),(858,5,3),(858,6,2),(858,8,3),(859,4,3),(859,9,2),(860,6,3),(861,9,3),(861,12,2),(861,14,3),(861,16,2),(862,16,3),(863,2,3),(863,5,3),(863,7,3),(863,14,1),(864,11,1),(864,12,3),(864,13,2),(865,14,2),(866,7,3),(866,15,3),(866,17,1),(867,2,1),(867,5,1),(867,6,2),(867,7,3),(867,9,3),(867,15,3),(868,4,1),(868,9,3),(868,16,1),(869,2,2),(869,10,3),(870,2,2),(870,9,1),(871,4,1),(871,6,3),(871,7,1),(871,10,3),(871,11,3),(872,5,1),(873,4,1),(874,15,1),(875,6,2),(875,12,2),(875,13,3),(876,3,3),(876,4,3),(876,8,3),(876,9,3),(876,12,2),(876,13,1),(877,5,1),(878,11,2),(879,5,2),(879,10,3),(879,12,1),(879,13,3),(880,5,2),(880,9,3),(880,10,2),(880,15,3),(880,16,2),(880,17,1),(881,3,2),(881,9,3),(881,14,1),(881,15,2),(881,17,2),(882,1,3),(882,2,2),(882,4,1),(882,14,3),(882,15,1),(883,9,2),(883,10,2),(883,11,3),(883,12,2),(883,13,3),(883,17,3),(884,3,2),(884,10,2),(884,11,2),(885,5,2),(885,13,3),(885,14,2),(886,2,3),(886,3,2),(886,5,3),(886,8,1),(886,16,2),(887,6,1),(887,7,1),(887,17,1),(888,2,1),(888,9,3),(888,10,2),(888,13,2),(888,16,2),(889,15,3),(890,3,1),(890,4,1),(890,7,1),(890,11,2),(891,5,3),(891,10,2),(891,12,2),(891,13,3),(891,17,3),(892,11,2),(892,13,3),(892,17,3),(893,6,1),(893,12,1),(893,14,1),(893,15,1),(894,1,2),(895,6,1),(895,8,1),(895,13,2),(895,16,2),(896,14,1),(897,6,3),(897,7,3),(897,9,1),(897,11,1),(897,14,3),(897,16,2),(898,17,3),(899,10,1),(900,6,3),(901,6,2),(901,10,1),(901,11,1),(901,14,2),(901,15,1),(902,10,3),(903,2,2),(903,3,2),(903,6,3),(903,7,2),(903,8,1),(904,1,3),(904,4,1),(904,6,2),(904,9,1),(904,11,3),(905,1,1),(905,3,1),(905,7,2),(905,8,2),(905,10,1),(906,2,3),(906,6,3),(906,7,1),(906,13,3),(907,5,3),(907,15,2),(907,17,2),(908,7,3),(909,10,1),(909,12,2),(910,1,1),(910,11,3),(910,17,1),(911,15,1),(912,2,3),(913,3,3),(913,8,1),(913,16,3),(914,1,3),(914,6,2),(914,7,2),(914,10,2),(915,1,1),(915,9,2),(915,14,3),(916,1,2),(916,9,2),(916,10,2),(917,7,3),(917,8,3),(917,11,3),(917,13,1),(917,14,2),(917,15,2),(918,7,3),(918,10,3),(918,11,2),(919,11,1),(919,12,3),(919,17,1),(920,5,1),(920,7,3),(920,12,3),(920,17,2),(921,6,1),(922,2,3),(922,9,1),(922,11,3),(922,13,1),(922,14,3),(922,16,3),(923,6,3),(923,8,1),(924,1,2),(924,3,1),(924,7,1),(924,8,2),(924,9,3),(924,17,1),(925,2,3),(925,4,3),(925,10,3),(925,16,2),(925,17,1),(926,1,1),(926,8,2),(926,11,2),(926,12,3),(927,4,2),(928,1,3),(928,5,3),(928,12,1),(928,13,2),(928,17,3),(929,2,3),(929,8,3),(930,8,1),(931,12,2),(931,16,3),(932,3,1),(932,14,3),(933,6,2),(933,13,2),(933,15,1),(934,5,1),(934,6,3),(934,7,2),(934,8,3),(934,12,1),(935,2,1),(935,4,2),(935,7,3),(935,9,2),(935,14,2),(935,15,2),(936,9,1),(936,12,1),(936,13,1),(936,15,2),(936,16,3),(937,12,2),(938,11,1),(939,8,1),(939,13,3),(939,17,2),(940,2,2),(940,5,3),(940,11,1),(940,12,3),(940,16,2),(940,17,3),(941,3,3),(941,7,1),(941,10,3),(941,13,3),(941,16,1),(942,3,1),(942,5,2),(942,8,2),(942,17,2),(943,9,2),(943,10,2),(943,14,2),(944,2,3),(944,3,2),(944,4,1),(944,8,3),(944,15,1),(944,16,1),(945,8,3),(945,15,1),(945,16,3),(946,5,1),(946,16,3),(946,17,2),(947,8,3),(947,11,3),(948,2,2),(948,5,1),(948,8,2),(948,9,3),(948,11,1),(948,17,1),(949,5,2),(949,7,3),(949,11,2),(949,16,2),(950,4,2),(950,8,2),(950,12,3),(951,8,2),(951,9,2),(951,11,3),(951,15,1),(952,2,2),(952,7,2),(952,9,1),(952,14,2),(953,13,3),(954,4,3),(954,5,1),(954,6,2),(955,5,2),(956,1,3),(957,2,1),(957,5,2),(957,7,3),(957,17,3),(958,11,2),(959,8,3),(959,13,1),(959,17,1),(960,3,1),(960,11,3),(960,13,1),(960,14,1),(961,1,2),(961,6,1),(961,8,2),(961,9,2),(961,17,2),(962,7,2),(962,12,1),(963,2,2),(963,5,3),(963,7,2),(963,10,2),(963,13,2),(964,1,2),(965,10,1),(965,14,3),(965,16,1),(966,5,3),(966,8,2),(966,11,3),(966,13,1),(966,17,1),(967,3,2),(967,4,2),(967,6,3),(967,11,2),(967,15,3),(967,17,1),(968,4,1),(968,7,3),(968,15,1),(969,5,1),(969,9,1),(969,12,2),(969,13,3),(969,16,1),(970,3,2),(970,5,2),(970,10,1),(970,11,1),(970,16,1),(971,4,2),(971,6,1),(971,11,1),(971,14,1),(972,3,1),(972,4,1),(972,5,3),(972,7,2),(972,15,3),(972,16,2),(973,3,1),(973,5,3),(973,6,2),(974,6,1),(974,9,3),(974,11,1),(974,16,1),(975,7,1),(976,5,3),(976,10,1),(977,1,1),(977,4,1),(977,7,2),(977,9,1),(977,10,2),(977,13,3),(978,1,2),(978,9,1),(979,3,2),(979,8,3),(979,10,3),(979,13,3),(979,14,2),(979,15,1),(980,2,1),(980,4,2),(980,11,1),(980,15,2),(980,16,1),(980,17,2),(981,2,1),(981,11,2),(981,17,3),(982,2,3),(982,5,3),(982,12,1),(982,14,3),(982,15,3),(983,1,1),(983,4,3),(983,7,1),(983,11,2),(983,12,3),(983,16,2),(984,3,1),(984,10,1),(984,11,1),(985,1,1),(985,5,3),(985,8,2),(986,4,2),(986,5,2),(986,8,3),(986,9,3),(986,15,2),(986,16,3),(987,2,2),(987,13,2),(988,10,3),(988,15,3),(989,3,3),(989,13,2),(990,2,3),(990,8,1),(990,9,3),(990,11,1),(990,13,2),(991,3,2),(991,10,3),(991,11,2),(992,7,2),(992,9,3),(992,15,1),(993,1,2),(993,2,2),(993,6,1),(994,2,3),(994,12,1),(994,13,3),(994,16,1),(994,17,1),(995,8,1),(995,12,3),(996,2,1),(996,3,3),(996,9,2),(996,12,2),(996,14,1),(997,4,3),(997,10,1),(997,11,2),(997,12,2),(997,13,1),(998,2,3),(998,4,2),(998,8,3),(998,15,3),(998,16,1),(998,17,2),(999,6,2),(999,8,1),(999,9,1),(999,13,1),(999,15,1),(1000,8,1),(1000,13,1);
/*!40000 ALTER TABLE `Orders_items` ENABLE KEYS */;
UNLOCK TABLES;

--
-- Table structure for table `Pays`
--

DROP TABLE IF EXISTS `Pays`;
/*!40101 SET @saved_cs_client     = @@character_set_client */;
/*!40101 SET character_set_client = utf8 */;
CREATE TABLE `Pays` (
  `id` int(11) NOT NULL,
  `pays` varchar(255) NOT NULL,
  PRIMARY KEY (`id`)
) ENGINE=InnoDB DEFAULT CHARSET=latin1;
/*!40101 SET character_set_client = @saved_cs_client */;

--
-- Dumping data for table `Pays`
--

LOCK TABLES `Pays` WRITE;
/*!40000 ALTER TABLE `Pays` DISABLE KEYS */;
INSERT INTO `Pays` VALUES (1,'France'),(2,'Espagne'),(3,'Allemagne');
/*!40000 ALTER TABLE `Pays` ENABLE KEYS */;
UNLOCK TABLES;

--
-- Table structure for table `Personnel`
--

DROP TABLE IF EXISTS `Personnel`;
/*!40101 SET @saved_cs_client     = @@character_set_client */;
/*!40101 SET character_set_client = utf8 */;
CREATE TABLE `Personnel` (
  `id` int(11) NOT NULL AUTO_INCREMENT,
  `prenom` varchar(255) NOT NULL,
  `nom` varchar(255) NOT NULL,
  `adresse` varchar(255) NOT NULL,
  `experience` float NOT NULL,
  `rib` varchar(255) NOT NULL,
  PRIMARY KEY (`id`)
) ENGINE=InnoDB AUTO_INCREMENT=151 DEFAULT CHARSET=latin1;
/*!40101 SET character_set_client = @saved_cs_client */;

--
-- Dumping data for table `Personnel`
--

LOCK TABLES `Personnel` WRITE;
/*!40000 ALTER TABLE `Personnel` DISABLE KEYS */;
INSERT INTO `Personnel` VALUES (1,'Laure','Salmon','43, boulevard Grgoire Faure 41875 FleuryVille',28,'FR49802920078919872959286124'),(2,'Timothe','Aubry','81, boulevard Aim Dupuy 25813 Nguyen',11,'FR66034895121967101461742970'),(3,'Grard','Gomes','816, rue de Salmon 09803 Auger',9,'FR92333947665537985806723827'),(4,'Patrick','Leroux','35, rue Besnard 38663 Marion',7,'FR79461754413161404704053941'),(5,'Margaud','Marques','rue Roger Girard 74240 Marin-sur-Hoareau',23,'FR15010498886997163835209387'),(6,'Nath','Le Gall','9, boulevard Poirier 13651 Cordier',15,'FR41104232000629812499482789'),(7,'Ocane','Boutin','45, rue Jacquot 19219 DevauxVille',19,'FR94273573892605265102014495'),(8,'Colette','Fabre','2, chemin Laine 23651 Thierry-sur-Muller',10,'FR60376416463227643813431272'),(9,'Augustin','Texier','19, boulevard Paul Lemoine 18329 Cousinnec',10,'FR29735541935635735529802184'),(10,'Adrien','Bouchet','370, rue Emmanuelle Thierry 09527 Traore-la-Fort',5,'FR63802615814193088862571967'),(11,'Danielle','Mace','278, rue de Leblanc 31160 Lebon',9,'FR67226683173938899662005047'),(12,'Susan','Gaillard','709, rue Camus 13198 Roux-les-Bains',13,'FR21067084621598419899268347'),(13,'Victor','Rousset','3, rue Navarro 95820 Maillet',8,'FR46445144355160458898688488'),(14,'Anouk','Huet','71, avenue de Devaux 81192 Petit',54,'FR84966617961286329766378176'),(15,'Denise','Legrand','237, avenue Louis Grondin 20389 Renard',21,'FR13405200293326289907856560'),(16,'Philippine','Renaud','8, rue lodie Riou 04726 Dupuis',8,'FR81675408519283476251435478'),(17,'Laurence','Garcia','58, avenue Colin 29861 Albert-les-Bains',18,'FR41795375773813540573072069'),(18,'Guillaume','Le Gall','105, chemin Gilles 77670 Le Roux',15,'FR45324043971275690512104504'),(19,'Gabrielle','Guichard','9, chemin Legros 06980 Saint Paulette',15,'FR40785253849793138017830813'),(20,'Stphane','Renard','8, rue Guichard 26861 Jacob-la-Fort',7,'FR47250339578200396091837452'),(21,'Capucine','Martin','29, chemin Bernier 96069 Sainte Bertranddan',21,'FR82530258717511717307004239'),(22,'Josphine','Huet','38, rue de Lemaire 18734 Chretien',20,'FR37253130636921556834775041'),(23,'David','Peron','97, chemin de Neveu 14293 Besnard-sur-Lemonnier',20,'FR10830488689484626720535745'),(24,'Alex','Gillet','37, boulevard de Rodriguez 63356 MartyVille',30,'FR07213062650141615398863140'),(25,'Suzanne','Raymond','7, avenue de Weber 17128 Sainte Sylvie',15,'FR33000739191941502400242594'),(26,'Honor','Petitjean','avenue de Mercier 85745 Poulain',15,'FR74651503713601432700957365'),(27,'Christine','Poulain','660, avenue Mendes 53390 Parent',20,'FR15085782291034061342025707'),(28,'Corinne','Fabre','49, boulevard de Lagarde 72838 Maurice',11,'FR64023871006623632980188834'),(29,'Gilbert','Vidal','49, chemin de Samson 07759 MartyBourg',34,'FR87734839321267181309645655'),(30,'Xavier','Barre','71, chemin Marthe Noel 60541 Lejeune-sur-Lenoir',18,'FR41653791828375377895716026'),(31,'Richard','Deschamps','91, avenue Luc Guyot 17492 BaronVille',26,'FR29764663329763825562094883'),(32,'Zo','Guilbert','63, rue Carpentier 82741 Camus-les-Bains',14,'FR51455057847443675640624397'),(33,'Marine','Blanc','rue de Marchand 45112 Masson',12,'FR54728081739062166681554691'),(34,'lisabeth','Chretien','rue Gauthier 02847 Gosselinboeuf',18,'FR53101325457803116241474650'),(35,'Mathilde','Fernandez','32, chemin de Marie 55472 Sainte ArthurVille',40,'FR16888556681991595677258248'),(36,'Ins','Klein','90, rue de Marques 68048 De Sousa',6,'FR31560786522137933969384916'),(37,'Julie','De Oliveira','784, chemin Eugne Delahaye 44870 Raynaud',28,'FR72147596533995372029705771'),(38,'Roger','Goncalves','6, chemin de Charpentier 55877 Daniel',18,'FR46626086911524097055340614'),(39,'Eugne','Costa','15, chemin Meunier 34731 Godard',13,'FR96847686334580600775159137'),(40,'Philippe','Sauvage','678, avenue de Guibert 82799 Bazin',2,'FR78789921112384292660229385'),(41,'Ccile','Maury','339, chemin Gros 61168 Gaudin',21,'FR21551335167287238604568049'),(42,'Claudine','Lemonnier','75, boulevard Baudry 70855 Saint JeanVille',8,'FR71711131280070599960648324'),(43,'Nol','Boucher','29, avenue de Lejeune 41471 Hoareauboeuf',7,'FR66303744236171250967127893'),(44,'Henriette','Fernandes','84, chemin de Sauvage 09448 Lemoine',14,'FR65032889952893010677516586'),(45,'Denise','Delattre','36, rue Leroux 98924 Saint GrardVille',23,'FR32804924385647491590625185'),(46,'Georges','Thomas','281, avenue de Bourgeois 47529 Seguinboeuf',32,'FR12833266946712281341813399'),(47,'Stphane','Bouvet','20, boulevard Raymond 59265 Lucas',18,'FR48645516582358066634255739'),(48,'Xavier','Bailly','63, avenue Godard 25958 Guillaume',3,'FR59288211672535648015101782'),(49,'Danielle','Arnaud','4, rue Bonnet 06544 NormandBourg',22,'FR94019183661117020343916487'),(50,'Robert','Richard','3, chemin de Imbert 06155 Gay',15,'FR17899308342223422535352133'),(51,'Louise','Lenoir','37, boulevard Nicole Francois 04778 Levynec',4,'FR63040911408233198251186227'),(52,'Brigitte','Lejeune','913, chemin de Caron 77278 Sainte JulietteBourg',8,'FR35920353820320547769717011'),(53,'Alfred','Teixeira','97, chemin de Fernandes 36095 Perrin-sur-Hoarau',36,'FR14191299990625094632376111'),(54,'Emmanuel','Da Silva','58, boulevard de Letellier 93212 Potier',19,'FR03213012944468476857102527'),(55,'Robert','Noel','76, chemin Laurence Le Roux 18084 Guyon',25,'FR51062666170589222310264363'),(56,'Claire','Roussel','79, avenue Jean 88884 Sainte Benot',12,'FR96371563443879729462030936'),(57,'Victoire','Chartier','4, rue Thierry 22949 LedouxBourg',14,'FR10053115420795740204175479'),(58,'Christiane','Dos Santos','86, boulevard Laine 76964 Boulanger-sur-Mer',21,'FR70836850741008791857764164'),(59,'Sabine','Carpentier','27, boulevard Jeannine Daniel 53336 Traore',8,'FR63643456439396360977578608'),(60,'Hortense','Le Gall','16, rue Gilles Langlois 91053 Sainte Bernadette',19,'FR05642564540960868552528930'),(61,'Henri','Garcia','93, rue Goncalves 78681 Sainte Christiane',33,'FR10573328783175819625654802'),(62,'Jacques','Guyon','25, chemin de Marchand 75126 Rodrigues',21,'FR48542540052394716179575186'),(63,'Thibault','Mallet','chemin Alice Marty 72443 Picard',22,'FR77654471719882412847192975'),(64,'Robert','Bigot','avenue Maillot 82641 Rousset',8,'FR87297344028088582720489502'),(65,'Aime','Marin','3, boulevard de Valentin 66390 Colin',13,'FR83949657326735756399575091'),(66,'mile','Leger','955, rue Adle Voisin 90668 Maillet',11,'FR79045716686187451567229918'),(67,'lisabeth','Begue','1, boulevard Aubry 33688 Baillyboeuf',21,'FR94414704111107097576874559'),(68,'Josphine','Bonnet','2, boulevard de Goncalves 05609 Marion',23,'FR64280172943773876930166292'),(69,'Grgoire','Alves','boulevard Thibault 59643 Buisson-sur-Vincent',1,'FR82614232277188850425411236'),(70,'Josphine','Renard','10, boulevard Perrin 92342 Saint Georges',23,'FR23036089303433817091102605'),(71,'Charles','Jean','3, boulevard Danielle Guillon 72625 CharlesVille',14,'FR32883222001680366838181651'),(72,'Marc','Da Silva','4, avenue Grenier 22618 Chretiennec',35,'FR74757704773049776650054866'),(73,'Aurlie','Voisin','rue Marchal 82719 Lagarde',13,'FR16407148419558623194331252'),(74,'Monique','Launay','22, rue de Lucas 72262 Lopes-les-Bains',10,'FR19016598953376849526360215'),(75,'Victoire','Couturier','860, chemin de Maillot 24566 Bertrand-sur-Lesage',13,'FR22728177566131682818481412'),(76,'Matthieu','Laroche','3, chemin de Gosselin 98337 Couturier',6,'FR74584634391059324365894499'),(77,'Michle','Renaud','247, rue Alexandria Mace 62202 Boulanger',20,'FR82911519994161102382896620'),(78,'Laurent','Lombard','rue Philippine Gautier 58469 Cordierdan',9,'FR58648022724389926995352840'),(79,'Alexandrie','Valentin','6, avenue Camus 40234 Bourdondan',18,'FR39920306999301937060842314'),(80,'Audrey','Ruiz','1, rue de Marion 16180 Vidal',18,'FR97395183122817712822646351'),(81,'Odette','Letellier','2, boulevard Rousset 16997 Saint Matthieu',14,'FR65680005068730407782610204'),(82,'Frdrique','Ollivier','89, rue Valentine Herve 43171 Ledoux',12,'FR55557839186754734142769839'),(83,'Cline','Rousseau','avenue Ledoux 11101 Blanc-les-Bains',22,'FR60702294202647713333487745'),(84,'Jeannine','Bonnet','1, avenue Jean Cohen 64794 Brunel-les-Bains',12,'FR11170558407516881103426939'),(85,'Ccile','Marty','84, rue Perrot 00394 Le Roux',21,'FR61110946293742614013403785'),(86,'Agns','Gauthier','99, chemin de Delannoy 72586 Saint Brigitte',9,'FR81507944731026462911295008'),(87,'Thibault','Teixeira','858, rue Bonnet 81746 Evrard',1,'FR07504458091964447798645017'),(88,'Suzanne','Antoine','3, avenue Chartier 24025 Leclercq',19,'FR97461747461556506378050662'),(89,'Jeanne','Blot','42, boulevard Stphanie Leconte 43952 Grondin',26,'FR81566437275524672107464486'),(90,'Charlotte','Picard','27, rue Mendes 22229 Gilbert',1,'FR89634844977899426543857261'),(91,'Adrienne','Lelievre','14, boulevard de Bernier 55362 Launay-les-Bains',2,'FR39782100278334989910910041'),(92,'Eugne','Lemaire','8, rue de Wagner 21284 Besson',10,'FR45591171776318656462909537'),(93,'Anouk','Dias','57, chemin Chantal Lemoine 79611 Foucherboeuf',16,'FR96498431220464237121745737'),(94,'Tristan','Petitjean','avenue de Pons 75606 Sainte Nicole',3,'FR88548758017894142723874788'),(95,'Benot','Turpin','boulevard Dominique Boulanger 13244 Bouchetnec',20,'FR79468487022601739277381541'),(96,'Isaac','Guillou','566, rue Franois Adam 52474 Verdier',23,'FR97544396007002041246844057'),(97,'Frdrique','Diallo','11, rue de Arnaud 69312 Dupre-sur-Dupuy',11,'FR48302556199098636165821840'),(98,'Diane','Daniel','25, rue Techer 03914 Saint Marthe',5,'FR18300699945171270166193252'),(99,'Lon','Vaillant','96, boulevard Morvan 03724 Picard',14,'FR40168717960693203150198656'),(100,'Julie','Bonnet','652, rue Victor Peron 06248 Leleunec',7,'FR33382350036468330628273791'),(101,'Anne','Roux','22, chemin Ren Arnaud 72412 Saint LouiseVille',18,'FR49897027330036141435784193'),(102,'Suzanne','Goncalves','15, avenue lise Boulanger 14438 Muller-sur-Mer',21,'FR42309032040474585746399824'),(103,'lisabeth','Bouchet','2, chemin Leclerc 67022 Lombardnec',20,'FR40656956250616709882005829'),(104,'Roland','Dupuy','boulevard Andre Marion 93708 Toussaintnec',18,'FR16875117688752067995432958'),(105,'Christelle','Clerc','65, avenue de Lebon 71242 Duvalnec',11,'FR83902499286316548422202293'),(106,'Franck','Martineau','10, rue Michelle Moulin 86309 Foucher-les-Bains',3,'FR85381722371995690765412615'),(107,'Marcelle','Robert','rue Philippe Pineau 46781 Sainte Zacharie',8,'FR26067192410313979294173470'),(108,'David','Maillet','107, rue Martineau 58620 Hoarau',30,'FR81640555377112767002194225'),(109,'Thibaut','Tessier','992, chemin de Pottier 28679 Rousset-sur-Blanchet',14,'FR11558158459647024938453646'),(110,'Tristan','Maillet','boulevard Blondel 58848 JolyVille',6,'FR10234496160180019632749280'),(111,'Suzanne','Courtois','87, rue de Martin 18885 Levequenec',22,'FR23446706592878125891518807'),(112,'Andre','Garcia','7, rue Isabelle Besson 41811 Fouquet-sur-Mer',38,'FR53395710096726101090164020'),(113,'Mathilde','Lucas','63, boulevard de Bonnet 88275 Bernard-la-Fort',21,'FR36909132591072812715990414'),(114,'Auguste','Fabre','68, chemin Martin 11192 Salmon',31,'FR67485676898218895688594924'),(115,'Michelle','Duval','567, boulevard de Leclerc 65355 Letellier',12,'FR30083212000418289115280777'),(116,'Claude','Lucas','73, rue Thibaut Lemaitre 36486 Saint Bertrand',5,'FR41021073727130128210412432'),(117,'Auguste','Gaudin','89, rue Pruvost 89135 Barbier',13,'FR60425312177662533067533735'),(118,'Philippe','Richard','chemin Mallet 93762 Morin-les-Bains',33,'FR81846987685779568693733063'),(119,'Rmy','Delaunay','45, chemin Germain 18535 Coulondan',8,'FR96536690402199427931125469'),(120,'Christelle','Renard','65, chemin Hernandez 35724 Sainte Gabrielle',20,'FR38394776166073698875210397'),(121,'Marie','Aubry','2, chemin Alix Becker 13961 Garnierboeuf',1,'FR63553193312973193365608097'),(122,'Gabrielle','Lebrun','96, chemin de Pichon 68866 Sauvage',1,'FR56283576541049652833208141'),(123,'Louis','Grenier','67, chemin de Blin 66017 Hernandez-les-Bains',19,'FR59444852350606933610550418'),(124,'Nathalie','Leroy','54, rue Legros 33273 Saint Eugne',17,'FR20519162432770654534479828'),(125,'Martine','Delannoy','802, avenue Benjamin Weber 00925 Morin',8,'FR67739427172900220272982979'),(126,'Alphonse','Garcia','618, rue de Blot 17696 Joly',2,'FR06776499035279788151965912'),(127,'Pauline','Roussel','62, rue de Leduc 44170 Riou-sur-Pascal',38,'FR24884230286046761032440069'),(128,'Eugne','Pinto','57, rue de Leclerc 57973 Diallo',14,'FR03397632781623927749642535'),(129,'Franck','Lemaire','307, boulevard de Neveu 55237 Ferreiradan',30,'FR17390480619482277460661902'),(130,'Vronique','Boucher','3, boulevard de Klein 33141 Levy',20,'FR07724319610613739175061861'),(131,'lise','Diaz','390, boulevard de Goncalves 88933 Blanchard-sur-David',23,'FR52315323776954511549399038'),(132,'milie','Berger','89, rue de Parent 33212 Lemonnier-sur-Prevost',3,'FR21635355192742703485647733'),(133,'Catherine','Turpin','743, chemin Lemaire 07606 Gonzalez',15,'FR92937044129233690695299900'),(134,'Suzanne','Giraud','13, rue Vaillant 37482 Roche-sur-Louis',25,'FR30214144276626242919067371'),(135,'Adrienne','Legrand','6, rue Imbert 16141 Boyer',4,'FR33063792884333490891292713'),(136,'Robert','Jacquet','9, rue de Cousin 23829 Sainte Christelle-les-Bains',10,'FR94026181536959191700490639'),(137,'Thodore','Robin','29, boulevard Lucie Ferrand 51894 Neveuboeuf',20,'FR97723819986735648937035044'),(138,'Xavier','Rousseau','34, chemin Payet 84688 Sainte Xavier',16,'FR37403122791256182906561292'),(139,'Arthur','Marin','319, chemin Victoire Petit 15114 Perrierdan',13,'FR69998218532416301700468410'),(140,'Jean','Ribeiro','435, chemin Matthieu Chartier 71074 Payet',4,'FR44416735132665595688878699'),(141,'lise','Fernandes','avenue Simon 38449 Langlois-sur-Dubois',27,'FR35065417294914711720230246'),(142,'Dorothe','Nicolas','boulevard de Roussel 33602 Saint Augustin-sur-Mer',17,'FR41034844916160272911857178'),(143,'Thophile','Morvan','45, rue Sanchez 72663 Fischerdan',4,'FR76584513481048424302180099'),(144,'Frdric','Voisin','46, rue Chauveau 37349 Huet-sur-Faure',21,'FR17672945926908746471707455'),(145,'Adrien','Delaunay','75, avenue milie Morel 73697 Pereznec',34,'FR50903877843297282317918117'),(146,'Lorraine','Bruneau','rue Alfred Aubert 34312 Sainte Guy',22,'FR05178276784069149622463147'),(147,'Richard','Humbert','5, boulevard Delmas 24912 Mace',35,'FR49804024435890250199916231'),(148,'Bernadette','Chauvet','8, chemin de Adam 11254 Guyon',35,'FR33500766820396280482927943'),(149,'Jacqueline','Vidal','29, chemin Benoit 91928 Hervedan',8,'FR02736173656136529719090311'),(150,'Jrme','Lamy','9, avenue de Gautier 66192 Sainte MarcBourg',23,'FR73888448196787911281278437');
/*!40000 ALTER TABLE `Personnel` ENABLE KEYS */;
UNLOCK TABLES;

--
-- Table structure for table `Postes`
--

DROP TABLE IF EXISTS `Postes`;
/*!40101 SET @saved_cs_client     = @@character_set_client */;
/*!40101 SET character_set_client = utf8 */;
CREATE TABLE `Postes` (
  `id` int(11) NOT NULL AUTO_INCREMENT,
  `ind_id` int(11) NOT NULL,
  `resto_id` int(11) NOT NULL,
  `poste` enum('directeur','manager','employe') NOT NULL,
  `domaine` enum('cuisine','caisse') DEFAULT NULL,
  `superieur` int(11) DEFAULT NULL,
  `duree_mois` decimal(10,0) NOT NULL,
  `en_cours` tinyint(4) NOT NULL,
  PRIMARY KEY (`id`),
  KEY `Postes_fk0` (`ind_id`),
  KEY `Postes_fk1` (`resto_id`),
  KEY `Postes_fk2` (`superieur`),
  CONSTRAINT `Postes_fk0` FOREIGN KEY (`ind_id`) REFERENCES `Personnel` (`id`) ON DELETE CASCADE,
  CONSTRAINT `Postes_fk1` FOREIGN KEY (`resto_id`) REFERENCES `Restaurants` (`id`) ON DELETE CASCADE,
  CONSTRAINT `Postes_fk2` FOREIGN KEY (`superieur`) REFERENCES `Personnel` (`id`) ON DELETE CASCADE
) ENGINE=InnoDB AUTO_INCREMENT=201 DEFAULT CHARSET=latin1;
/*!40101 SET character_set_client = @saved_cs_client */;

--
-- Dumping data for table `Postes`
--

LOCK TABLES `Postes` WRITE;
/*!40000 ALTER TABLE `Postes` DISABLE KEYS */;
INSERT INTO `Postes` VALUES (1,61,1,'employe','cuisine',131,16,0),(2,150,1,'employe','cuisine',110,23,0),(3,108,1,'employe','cuisine',110,23,1),(4,94,1,'employe','caisse',110,3,1),(5,110,1,'manager','caisse',125,6,1),(6,76,1,'employe','cuisine',96,6,0),(7,143,1,'employe','cuisine',110,4,1),(8,96,1,'manager','cuisine',125,23,0),(9,75,1,'employe','caisse',110,10,1),(10,125,1,'directeur','caisse',NULL,3,1),(11,127,1,'employe','caisse',96,23,0),(12,34,1,'employe','caisse',110,18,1),(13,38,1,'employe','caisse',110,6,1),(14,131,1,'manager','caisse',125,19,0),(15,11,1,'employe','cuisine',110,9,1),(16,112,1,'employe','caisse',110,5,0),(17,115,2,'employe','cuisine',97,3,1),(18,28,2,'employe','caisse',97,10,1),(19,126,2,'employe','cuisine',97,2,1),(20,74,2,'employe','cuisine',97,10,0),(21,56,2,'manager','caisse',82,8,0),(22,14,2,'employe','caisse',56,19,0),(23,95,2,'directeur','caisse',NULL,20,1),(24,82,2,'directeur','caisse',NULL,6,0),(25,112,2,'employe','cuisine',56,23,0),(26,8,2,'directeur','cuisine',NULL,3,0),(27,97,2,'manager','caisse',95,11,1),(28,40,3,'employe','cuisine',31,2,1),(29,98,3,'employe','cuisine',39,5,1),(30,85,3,'employe','caisse',39,21,1),(31,124,3,'employe','caisse',39,17,1),(32,64,3,'employe','cuisine',39,8,1),(33,141,3,'employe','cuisine',39,8,1),(34,120,3,'employe','cuisine',31,20,1),(35,62,3,'employe','caisse',39,21,1),(36,43,3,'employe','caisse',5,7,0),(37,31,3,'manager','cuisine',56,17,1),(38,23,3,'employe','cuisine',39,20,1),(39,56,3,'directeur','cuisine',NULL,4,1),(40,12,3,'employe','cuisine',31,13,1),(41,91,3,'employe','cuisine',5,2,0),(42,106,3,'employe','caisse',31,3,0),(43,5,3,'manager','cuisine',53,11,0),(44,53,3,'directeur','cuisine',NULL,16,0),(45,72,3,'employe','caisse',31,16,0),(46,28,3,'employe','caisse',5,1,0),(47,39,3,'manager','caisse',56,13,1),(48,47,4,'employe','cuisine',129,18,1),(49,147,4,'employe','caisse',129,17,0),(50,3,4,'employe','cuisine',9,6,0),(51,1,4,'employe','cuisine',9,6,0),(52,52,4,'employe','cuisine',9,8,1),(53,6,4,'employe','caisse',129,15,1),(54,92,4,'employe','caisse',9,10,1),(55,50,4,'employe','cuisine',129,15,1),(56,31,4,'employe','cuisine',9,9,0),(57,35,4,'employe','cuisine',129,18,1),(58,46,4,'employe','cuisine',129,20,0),(59,84,4,'employe','cuisine',9,12,1),(60,146,4,'employe','caisse',9,22,0),(61,14,4,'employe','caisse',129,15,1),(62,70,4,'employe','cuisine',9,23,1),(63,81,4,'directeur','cuisine',NULL,14,1),(64,48,4,'employe','cuisine',9,3,1),(65,102,4,'employe','cuisine',129,9,1),(66,71,4,'employe','caisse',129,14,1),(67,5,4,'employe','cuisine',129,12,1),(68,9,4,'manager','cuisine',81,10,1),(69,129,4,'manager','cuisine',81,2,1),(70,99,4,'employe','caisse',129,14,1),(71,122,5,'employe','cuisine',118,1,1),(72,73,5,'employe','caisse',118,13,1),(73,29,5,'employe','caisse',118,17,1),(74,82,5,'employe','caisse',118,6,1),(75,59,5,'employe','cuisine',118,8,1),(76,68,5,'employe','caisse',118,23,1),(77,112,5,'directeur','caisse',NULL,10,1),(78,118,5,'manager','caisse',112,22,1),(79,89,5,'employe','caisse',134,9,0),(80,17,5,'employe','cuisine',118,18,1),(81,35,5,'manager','caisse',112,22,0),(82,53,5,'employe','caisse',134,1,0),(83,55,5,'manager','cuisine',112,18,0),(84,51,5,'employe','caisse',118,4,1),(85,134,5,'manager','cuisine',112,14,0),(86,88,6,'manager','cuisine',116,19,1),(87,129,6,'manager','caisse',116,12,0),(88,116,6,'directeur','cuisine',NULL,5,1),(89,60,6,'manager','cuisine',116,3,0),(90,25,6,'employe','cuisine',46,15,1),(91,38,6,'employe','caisse',46,12,0),(92,100,6,'employe','cuisine',88,7,1),(93,16,6,'employe','cuisine',88,1,1),(94,46,6,'manager','cuisine',116,6,1),(95,125,6,'employe','cuisine',88,5,0),(96,13,6,'employe','cuisine',46,8,1),(97,114,6,'employe','cuisine',46,14,1),(98,117,6,'employe','cuisine',46,13,1),(99,139,6,'employe','caisse',46,13,1),(100,123,6,'employe','caisse',46,19,1),(101,20,6,'employe','cuisine',88,7,1),(102,83,6,'employe','cuisine',88,22,1),(103,89,6,'employe','cuisine',46,17,1),(104,105,7,'employe','caisse',44,11,0),(105,65,7,'directeur','cuisine',NULL,13,1),(106,118,7,'employe','cuisine',78,11,0),(107,142,7,'employe','caisse',44,17,1),(108,53,7,'employe','caisse',44,17,1),(109,49,7,'employe','caisse',44,22,1),(110,75,7,'employe','caisse',78,3,0),(111,72,7,'employe','caisse',44,19,1),(112,44,7,'manager','caisse',65,14,1),(113,78,7,'manager','caisse',65,9,0),(114,79,7,'employe','caisse',44,18,0),(115,4,7,'employe','cuisine',44,7,1),(116,107,7,'employe','caisse',44,8,1),(117,86,7,'employe','caisse',44,9,1),(118,130,8,'employe','cuisine',37,20,1),(119,32,8,'employe','cuisine',37,14,1),(120,37,8,'manager','cuisine',58,19,1),(121,15,8,'employe','caisse',21,21,0),(122,7,8,'employe','cuisine',21,19,0),(123,137,8,'employe','caisse',21,20,1),(124,58,8,'directeur','cuisine',NULL,11,1),(125,21,8,'manager','cuisine',58,21,1),(126,90,8,'employe','caisse',37,1,1),(127,77,8,'employe','cuisine',21,20,1),(128,26,8,'employe','cuisine',37,15,1),(129,24,8,'employe','caisse',37,22,1),(130,135,8,'employe','caisse',37,4,1),(131,102,8,'manager','caisse',58,12,0),(132,121,8,'employe','caisse',37,1,1),(133,19,8,'employe','caisse',21,15,1),(134,1,8,'employe','cuisine',21,22,1),(135,33,8,'employe','caisse',37,12,1),(136,145,9,'employe','cuisine',46,12,0),(137,37,9,'employe','caisse',140,9,0),(138,63,9,'employe','cuisine',140,9,0),(139,29,9,'employe','cuisine',140,17,0),(140,101,9,'employe','caisse',140,18,1),(141,140,9,'manager','cuisine',30,4,1),(142,57,9,'employe','cuisine',140,14,0),(143,134,9,'employe','cuisine',140,11,1),(144,80,9,'employe','cuisine',140,18,1),(145,147,9,'employe','cuisine',46,18,0),(146,14,9,'employe','cuisine',46,20,0),(147,54,9,'employe','caisse',140,2,1),(148,136,9,'employe','caisse',140,10,1),(149,128,9,'employe','caisse',140,14,1),(150,138,9,'employe','caisse',140,16,1),(151,30,9,'directeur','cuisine',NULL,10,1),(152,132,9,'employe','caisse',140,3,1),(153,46,9,'manager','cuisine',30,6,0),(154,24,10,'directeur','caisse',NULL,8,0),(155,3,10,'employe','caisse',148,3,1),(156,115,10,'employe','caisse',148,9,0),(157,66,10,'employe','caisse',148,11,1),(158,148,10,'employe','cuisine',148,19,0),(159,10,10,'employe','cuisine',148,5,1),(160,149,10,'employe','cuisine',148,8,1),(161,148,10,'manager','caisse',41,16,1),(162,30,10,'manager','caisse',41,8,0),(163,54,10,'employe','cuisine',30,17,0),(164,113,10,'employe','caisse',148,21,1),(165,61,10,'employe','cuisine',148,17,1),(166,27,10,'directeur','caisse',NULL,10,0),(167,41,10,'directeur','caisse',NULL,21,1),(168,93,10,'employe','cuisine',148,16,1),(169,58,11,'employe','cuisine',27,10,0),(170,27,11,'manager','cuisine',22,10,1),(171,53,11,'employe','caisse',27,2,0),(172,141,11,'directeur','caisse',NULL,19,0),(173,22,11,'directeur','cuisine',NULL,20,1),(174,144,11,'employe','caisse',27,21,1),(175,133,11,'employe','cuisine',27,15,0),(176,131,11,'employe','caisse',27,4,0),(177,103,11,'employe','cuisine',27,20,1),(178,114,11,'employe','cuisine',27,17,0),(179,60,11,'employe','caisse',27,16,1),(180,2,11,'employe','caisse',27,11,1),(181,87,11,'employe','cuisine',27,1,1),(182,69,11,'employe','cuisine',27,1,1),(183,127,11,'employe','cuisine',27,13,1),(184,67,12,'employe','caisse',36,21,1),(185,42,12,'employe','cuisine',36,8,1),(186,45,12,'employe','caisse',36,23,1),(187,119,12,'employe','cuisine',36,8,1),(188,108,12,'employe','cuisine',36,7,0),(189,18,12,'directeur','cuisine',NULL,15,1),(190,55,12,'employe','cuisine',36,7,0),(191,36,12,'manager','cuisine',18,6,1),(192,63,12,'employe','cuisine',36,13,0),(193,109,12,'employe','caisse',36,14,1),(194,111,12,'employe','caisse',36,22,1),(195,16,12,'employe','caisse',36,7,0),(196,127,12,'employe','cuisine',36,2,0),(197,8,12,'employe','caisse',36,7,1),(198,129,12,'employe','caisse',36,16,0),(199,145,12,'employe','caisse',36,22,1),(200,104,12,'employe','cuisine',36,18,0);
/*!40000 ALTER TABLE `Postes` ENABLE KEYS */;
UNLOCK TABLES;

--
-- Table structure for table `Recettes`
--

DROP TABLE IF EXISTS `Recettes`;
/*!40101 SET @saved_cs_client     = @@character_set_client */;
/*!40101 SET character_set_client = utf8 */;
CREATE TABLE `Recettes` (
  `item_id` int(11) NOT NULL,
  `ing_id` int(11) NOT NULL,
  `unites` double NOT NULL,
  UNIQUE KEY `item_id` (`item_id`,`ing_id`),
  KEY `Recettes_fk1` (`ing_id`),
  CONSTRAINT `Recettes_fk0` FOREIGN KEY (`item_id`) REFERENCES `Items` (`id`) ON DELETE CASCADE,
  CONSTRAINT `Recettes_fk1` FOREIGN KEY (`ing_id`) REFERENCES `Ingredients` (`id`) ON DELETE CASCADE
) ENGINE=InnoDB DEFAULT CHARSET=latin1;
/*!40101 SET character_set_client = @saved_cs_client */;

--
-- Dumping data for table `Recettes`
--

LOCK TABLES `Recettes` WRITE;
/*!40000 ALTER TABLE `Recettes` DISABLE KEYS */;
INSERT INTO `Recettes` VALUES (1,1,1),(1,2,1),(1,3,0.1),(1,4,0.2),(1,5,1),(1,6,1),(1,9,1),(2,1,1),(2,2,2),(2,3,0.1),(2,4,0.2),(2,5,1),(2,6,2),(2,9,1),(3,7,1),(3,8,1),(3,9,1),(4,10,2),(4,11,0.2),(5,3,0.5),(5,6,1),(5,7,1),(5,12,0.3),(5,13,1),(6,14,1),(6,15,1),(7,14,1),(7,16,1);
/*!40000 ALTER TABLE `Recettes` ENABLE KEYS */;
UNLOCK TABLES;

--
-- Table structure for table `Restaurants`
--

DROP TABLE IF EXISTS `Restaurants`;
/*!40101 SET @saved_cs_client     = @@character_set_client */;
/*!40101 SET character_set_client = utf8 */;
CREATE TABLE `Restaurants` (
  `id` int(11) NOT NULL AUTO_INCREMENT,
  `code_postal` char(5) NOT NULL,
  `ville` varchar(12) NOT NULL,
  `pays_id` int(11) NOT NULL,
  `capacite` int(11) NOT NULL,
  `espace_enfant` tinyint(4) NOT NULL,
  `borneCB` tinyint(4) NOT NULL,
  `handicap` tinyint(4) NOT NULL,
  `parking` tinyint(4) NOT NULL,
  PRIMARY KEY (`id`),
  UNIQUE KEY `code_postal` (`code_postal`),
  UNIQUE KEY `ville` (`ville`),
  KEY `Restaurants_fk0` (`pays_id`),
  CONSTRAINT `Restaurants_fk0` FOREIGN KEY (`pays_id`) REFERENCES `Pays` (`id`) ON DELETE CASCADE
) ENGINE=InnoDB AUTO_INCREMENT=13 DEFAULT CHARSET=latin1;
/*!40101 SET character_set_client = @saved_cs_client */;

--
-- Dumping data for table `Restaurants`
--

LOCK TABLES `Restaurants` WRITE;
/*!40000 ALTER TABLE `Restaurants` DISABLE KEYS */;
INSERT INTO `Restaurants` VALUES (1,'64000','Pau',1,97,1,0,0,0),(2,'64100','Bayonne',1,94,1,1,0,1),(3,'64200','Anglet',1,45,1,0,0,0),(4,'64600','Biarritz',1,92,1,1,0,1),(5,'75000','Paris',1,82,0,0,0,0),(6,'69000','Lyon',1,57,0,1,1,0),(7,'13000','Marseille',1,69,1,0,0,0),(8,'08000','Barcelone',2,98,1,0,1,1),(9,'20000','Donostia',2,90,1,1,0,0),(10,'28000','Madrid',2,45,0,1,1,1),(11,'10115','Berlin',3,41,0,1,0,1),(12,'80331','Munich',3,93,0,1,1,0);
/*!40000 ALTER TABLE `Restaurants` ENABLE KEYS */;
UNLOCK TABLES;

--
-- Table structure for table `SalairesNotes`
--

DROP TABLE IF EXISTS `SalairesNotes`;
/*!40101 SET @saved_cs_client     = @@character_set_client */;
/*!40101 SET character_set_client = utf8 */;
CREATE TABLE `SalairesNotes` (
  `ind_id` int(11) NOT NULL,
  `annee` char(4) NOT NULL,
  `salaire` decimal(10,0) NOT NULL,
  `note` int(11) DEFAULT NULL,
  UNIQUE KEY `ind_id` (`ind_id`,`annee`),
  CONSTRAINT `Salaires_fk0` FOREIGN KEY (`ind_id`) REFERENCES `Personnel` (`id`) ON DELETE CASCADE
) ENGINE=InnoDB DEFAULT CHARSET=latin1;
/*!40101 SET character_set_client = @saved_cs_client */;

--
-- Dumping data for table `SalairesNotes`
--

LOCK TABLES `SalairesNotes` WRITE;
/*!40000 ALTER TABLE `SalairesNotes` DISABLE KEYS */;
INSERT INTO `SalairesNotes` VALUES (1,'2017',1262,6),(1,'2018',1697,9),(1,'2019',1934,0),(2,'2019',3283,5),(3,'2019',2076,9),(4,'2019',1515,2),(5,'2018',2996,2),(5,'2019',2596,2),(6,'2018',2264,7),(6,'2019',2719,6),(7,'2018',3335,1),(7,'2019',2320,4),(8,'2019',1584,2),(9,'2019',2387,1),(10,'2019',1675,8),(11,'2019',1634,7),(12,'2018',2224,3),(12,'2019',1425,6),(13,'2019',3339,2),(14,'2015',2291,3),(14,'2016',1425,0),(14,'2017',2610,1),(14,'2018',2993,6),(14,'2019',2165,6),(15,'2018',1522,2),(15,'2019',2173,2),(16,'2019',1254,3),(17,'2018',2377,10),(17,'2019',3060,1),(18,'2018',2663,7),(18,'2019',1973,2),(19,'2018',3179,7),(19,'2019',1535,8),(20,'2019',1726,10),(21,'2018',2559,4),(21,'2019',1419,7),(22,'2018',1724,2),(22,'2019',2416,2),(23,'2018',1617,1),(23,'2019',2526,5),(24,'2017',2384,1),(24,'2018',2156,10),(24,'2019',1830,7),(25,'2018',2315,6),(25,'2019',1211,8),(26,'2018',1979,10),(26,'2019',1417,9),(27,'2018',1470,2),(27,'2019',3214,6),(28,'2019',2040,8),(29,'2017',3005,8),(29,'2018',3093,1),(29,'2019',3313,4),(30,'2018',2388,4),(30,'2019',1970,4),(31,'2017',1344,4),(31,'2018',2371,5),(31,'2019',3469,10),(32,'2018',2010,0),(32,'2019',1275,7),(33,'2019',1543,1),(34,'2018',3374,9),(34,'2019',3458,0),(35,'2016',1495,8),(35,'2017',1586,2),(35,'2018',2986,5),(35,'2019',1457,7),(36,'2019',2043,0),(37,'2017',1659,3),(37,'2018',2372,8),(37,'2019',2825,9),(38,'2018',2546,3),(38,'2019',1638,2),(39,'2018',1232,4),(39,'2019',1949,10),(40,'2019',2671,0),(41,'2018',2275,5),(41,'2019',2499,5),(42,'2019',1854,1),(43,'2019',1964,10),(44,'2018',2811,0),(44,'2019',2621,6),(45,'2018',1997,7),(45,'2019',1501,10),(46,'2017',2536,3),(46,'2018',1249,6),(46,'2019',3110,2),(47,'2018',1445,0),(47,'2019',2453,10),(48,'2019',1403,9),(49,'2018',2103,2),(49,'2019',1439,6),(50,'2018',2738,10),(50,'2019',2783,1),(51,'2019',2791,8),(52,'2019',3334,7),(53,'2017',1325,8),(53,'2018',2907,8),(53,'2019',1979,1),(54,'2018',2521,10),(54,'2019',2948,6),(55,'2017',3060,8),(55,'2018',2383,2),(55,'2019',2595,6),(56,'2019',3352,4),(57,'2018',2543,10),(57,'2019',1373,2),(58,'2018',2108,10),(58,'2019',1954,3),(59,'2019',1885,5),(60,'2018',2041,5),(60,'2019',1298,5),(61,'2017',2230,9),(61,'2018',2614,8),(61,'2019',3415,6),(62,'2018',2926,4),(62,'2019',2140,0),(63,'2018',3318,4),(63,'2019',1425,8),(64,'2019',1389,4),(65,'2018',3210,1),(65,'2019',1520,2),(66,'2019',1713,10),(67,'2018',1354,5),(67,'2019',2991,9),(68,'2018',1751,8),(68,'2019',2140,2),(69,'2019',3416,6),(70,'2018',2946,3),(70,'2019',1808,10),(71,'2018',2465,9),(71,'2019',1418,8),(72,'2017',2630,1),(72,'2018',2442,2),(72,'2019',3412,9),(73,'2018',2695,0),(73,'2019',2500,6),(74,'2019',2511,3),(75,'2018',1231,9),(75,'2019',3132,1),(76,'2019',1908,1),(77,'2018',2682,2),(77,'2019',2801,3),(78,'2019',3021,2),(79,'2018',3254,0),(79,'2019',1435,3),(80,'2018',2359,10),(80,'2019',1983,7),(81,'2018',3035,9),(81,'2019',2563,1),(82,'2019',3497,0),(83,'2018',3003,3),(83,'2019',1873,6),(84,'2019',1678,6),(85,'2018',1744,1),(85,'2019',3010,0),(86,'2019',3365,10),(87,'2019',1784,9),(88,'2018',2378,10),(88,'2019',3037,3),(89,'2017',2076,0),(89,'2018',2597,0),(89,'2019',1601,6),(90,'2019',1327,9),(91,'2019',1212,1),(92,'2019',3447,4),(93,'2018',2712,4),(93,'2019',3439,0),(94,'2019',2324,7),(95,'2018',2477,0),(95,'2019',2063,7),(96,'2018',3389,4),(96,'2019',2179,2),(97,'2019',2772,3),(98,'2019',1825,5),(99,'2018',2190,6),(99,'2019',2102,10),(100,'2019',1799,1),(101,'2018',1943,2),(101,'2019',2144,6),(102,'2018',3353,5),(102,'2019',3365,5),(103,'2018',2103,4),(103,'2019',3363,10),(104,'2018',2546,6),(104,'2019',2892,2),(105,'2019',2068,5),(106,'2019',3067,0),(107,'2019',2213,2),(108,'2017',3137,1),(108,'2018',1576,9),(108,'2019',1579,1),(109,'2018',1688,6),(109,'2019',2304,2),(110,'2019',1689,4),(111,'2018',2157,3),(111,'2019',1425,7),(112,'2016',1729,4),(112,'2017',2591,4),(112,'2018',1649,2),(112,'2019',3413,6),(113,'2018',2820,10),(113,'2019',1917,7),(114,'2017',2672,9),(114,'2018',3255,2),(114,'2019',1313,3),(115,'2019',3185,0),(116,'2019',3203,8),(117,'2018',2113,2),(117,'2019',2848,5),(118,'2017',2671,4),(118,'2018',2038,2),(118,'2019',1565,4),(119,'2019',2768,1),(120,'2018',2526,8),(120,'2019',3194,5),(121,'2019',2459,2),(122,'2019',1315,6),(123,'2018',3255,3),(123,'2019',1348,1),(124,'2018',1486,6),(124,'2019',2466,4),(125,'2019',1445,0),(126,'2019',3198,8),(127,'2016',2833,5),(127,'2017',2421,6),(127,'2018',3373,1),(127,'2019',3246,10),(128,'2018',1505,9),(128,'2019',3282,10),(129,'2017',2152,8),(129,'2018',2667,10),(129,'2019',3226,6),(130,'2018',1342,9),(130,'2019',3143,10),(131,'2018',2331,6),(131,'2019',1717,9),(132,'2019',2034,4),(133,'2018',2036,3),(133,'2019',3151,2),(134,'2017',2511,3),(134,'2018',1863,7),(134,'2019',1251,9),(135,'2019',2450,9),(136,'2019',3256,6),(137,'2018',1676,1),(137,'2019',2554,9),(138,'2018',1668,10),(138,'2019',3444,3),(139,'2018',1952,9),(139,'2019',3373,2),(140,'2019',3343,0),(141,'2017',2038,8),(141,'2018',1672,5),(141,'2019',2592,0),(142,'2018',2006,8),(142,'2019',2200,2),(143,'2019',2083,1),(144,'2018',2876,10),(144,'2019',2376,3),(145,'2017',2301,8),(145,'2018',2859,0),(145,'2019',2791,6),(146,'2018',2749,1),(146,'2019',1371,7),(147,'2017',2938,5),(147,'2018',1752,6),(147,'2019',2360,8),(148,'2017',1874,10),(148,'2018',3158,5),(148,'2019',2420,6),(149,'2019',1551,7),(150,'2018',1777,2),(150,'2019',2343,10);
/*!40000 ALTER TABLE `SalairesNotes` ENABLE KEYS */;
UNLOCK TABLES;

--
-- Table structure for table `Stocks`
--

DROP TABLE IF EXISTS `Stocks`;
/*!40101 SET @saved_cs_client     = @@character_set_client */;
/*!40101 SET character_set_client = utf8 */;
CREATE TABLE `Stocks` (
  `ing_id` int(11) NOT NULL,
  `rest_id` int(11) NOT NULL,
  `unites` int(11) DEFAULT NULL,
  UNIQUE KEY `ing_id` (`ing_id`,`rest_id`),
  KEY `Stocks_fk1` (`rest_id`),
  CONSTRAINT `Stocks_fk0` FOREIGN KEY (`ing_id`) REFERENCES `Ingredients` (`id`) ON DELETE CASCADE,
  CONSTRAINT `Stocks_fk1` FOREIGN KEY (`rest_id`) REFERENCES `Restaurants` (`id`) ON DELETE CASCADE
) ENGINE=InnoDB DEFAULT CHARSET=latin1;
/*!40101 SET character_set_client = @saved_cs_client */;

--
-- Dumping data for table `Stocks`
--

LOCK TABLES `Stocks` WRITE;
/*!40000 ALTER TABLE `Stocks` DISABLE KEYS */;
INSERT INTO `Stocks` VALUES (1,1,646),(1,2,1808),(1,3,1556),(1,4,1532),(1,5,518),(1,6,1077),(1,7,1289),(1,8,1243),(1,9,329),(1,10,453),(1,11,1248),(1,12,546),(2,1,515),(2,2,1301),(2,3,230),(2,4,693),(2,5,1813),(2,6,1233),(2,7,1612),(2,8,1813),(2,9,1756),(2,10,1696),(2,11,689),(2,12,1380),(3,1,1579),(3,2,943),(3,3,444),(3,4,32),(3,5,182),(3,6,1722),(3,7,1117),(3,8,760),(3,9,301),(3,10,1744),(3,11,1893),(3,12,1307),(4,1,1141),(4,2,1779),(4,3,626),(4,4,935),(4,5,1030),(4,6,1278),(4,7,1650),(4,8,242),(4,9,1213),(4,10,214),(4,11,1239),(4,12,684),(5,1,181),(5,2,1246),(5,3,767),(5,4,1710),(5,5,1132),(5,6,1909),(5,7,2),(5,8,1580),(5,9,1379),(5,10,1997),(5,11,509),(5,12,1132),(6,1,425),(6,2,921),(6,3,1753),(6,4,340),(6,5,770),(6,6,1255),(6,7,1652),(6,8,351),(6,9,1341),(6,10,1516),(6,11,1347),(6,12,1406),(7,1,1734),(7,2,1742),(7,3,1750),(7,4,365),(7,5,1587),(7,6,800),(7,7,222),(7,8,20),(7,9,1931),(7,10,1503),(7,11,0),(7,12,0),(8,1,1934),(8,2,87),(8,3,1400),(8,4,1858),(8,5,508),(8,6,1277),(8,7,269),(8,8,1316),(8,9,1510),(8,10,74),(8,11,0),(8,12,0),(9,1,453),(9,2,122),(9,3,1310),(9,4,1239),(9,5,513),(9,6,913),(9,7,13),(9,8,337),(9,9,1250),(9,10,283),(9,11,78),(9,12,851),(10,1,518),(10,2,335),(10,3,789),(10,4,1274),(10,5,633),(10,6,644),(10,7,834),(10,8,0),(10,9,0),(10,10,0),(10,11,1197),(10,12,1444),(11,1,1096),(11,2,1635),(11,3,1129),(11,4,997),(11,5,1093),(11,6,921),(11,7,662),(11,8,0),(11,9,0),(11,10,0),(11,11,804),(11,12,525),(12,1,828),(12,2,234),(12,3,1935),(12,4,733),(12,5,55),(12,6,1369),(12,7,673),(12,8,918),(12,9,1925),(12,10,219),(12,11,0),(12,12,0),(13,1,137),(13,2,346),(13,3,1177),(13,4,797),(13,5,1901),(13,6,687),(13,7,1451),(13,8,1010),(13,9,1027),(13,10,1231),(13,11,0),(13,12,0),(14,1,1908),(14,2,1714),(14,3,1286),(14,4,1655),(14,5,1572),(14,6,1585),(14,7,134),(14,8,1784),(14,9,728),(14,10,1563),(14,11,805),(14,12,1322),(15,1,847),(15,2,790),(15,3,845),(15,4,1221),(15,5,1905),(15,6,526),(15,7,426),(15,8,0),(15,9,0),(15,10,0),(15,11,1711),(15,12,1754),(16,1,655),(16,2,1704),(16,3,1089),(16,4,1192),(16,5,955),(16,6,1215),(16,7,623),(16,8,365),(16,9,504),(16,10,81),(16,11,15),(16,12,1674);
/*!40000 ALTER TABLE `Stocks` ENABLE KEYS */;
UNLOCK TABLES;
/*!40103 SET TIME_ZONE=@OLD_TIME_ZONE */;

/*!40101 SET SQL_MODE=@OLD_SQL_MODE */;
/*!40014 SET FOREIGN_KEY_CHECKS=@OLD_FOREIGN_KEY_CHECKS */;
/*!40014 SET UNIQUE_CHECKS=@OLD_UNIQUE_CHECKS */;
/*!40101 SET CHARACTER_SET_CLIENT=@OLD_CHARACTER_SET_CLIENT */;
/*!40101 SET CHARACTER_SET_RESULTS=@OLD_CHARACTER_SET_RESULTS */;
/*!40101 SET COLLATION_CONNECTION=@OLD_COLLATION_CONNECTION */;
/*!40111 SET SQL_NOTES=@OLD_SQL_NOTES */;

-- Dump completed on 2020-01-21  8:56:04
